<?xml version="1.0"?>
<!--<!DOCTYPE metadata SYSTEM "http://www.esri.com/metadata/esriprof80.dtd">-->
<metadata xml:lang="en"><Esri><CreaDate>20100921</CreaDate><CreaTime>16173800</CreaTime><SyncOnce>FALSE</SyncOnce><SyncDate>20100920</SyncDate><SyncTime>15593200</SyncTime><ModDate>20100920</ModDate><ModTime>15593200</ModTime><Sync>FALSE</Sync><MetaID>{8500DE26-7E8B-4270-AE71-1795CDF877F8}</MetaID></Esri><idinfo><native Sync="TRUE">Microsoft Windows XP Version 5.1 (Build 2600) Service Pack 2; ESRI ArcCatalog 9.2.0.1324</native><descript><langdata Sync="TRUE">en</langdata><abstract>REQUIRED: A brief narrative summary of the data set.</abstract><purpose>REQUIRED: A summary of the intentions with which the data set was developed.</purpose></descript><citation><citeinfo><origin>REQUIRED: The name of an organization or individual that developed the data set.</origin><pubdate>REQUIRED: The date when the data set is published or otherwise made available for release.</pubdate><title Sync="TRUE">npl_polbnda_adm4_vdc_25k_50k_sdn</title><ftname Sync="TRUE">npl_polbnda_adm4_vdc_25k_50k_sdn</ftname><geoform Sync="TRUE">vector digital data</geoform><onlink Sync="TRUE"></onlink></citeinfo></citation><timeperd><current>REQUIRED: The basis on which the time period of content information is determined.</current><timeinfo><sngdate><caldate>REQUIRED: The year (and optionally month, or month and day) for which the data set corresponds to the ground.</caldate></sngdate></timeinfo></timeperd><status><progress>REQUIRED: The state of the data set.</progress><update>REQUIRED: The frequency with which changes and additions are made to the data set after the initial data set is completed.</update></status><spdom><bounding><westbc Sync="TRUE">80.001507</westbc><eastbc Sync="TRUE">88.337286</eastbc><northbc Sync="TRUE">30.469003</northbc><southbc Sync="TRUE">26.325598</southbc></bounding><lboundng><leftbc Sync="TRUE">115727.005447</leftbc><rightbc Sync="TRUE">916908.037571</rightbc><bottombc Sync="TRUE">2919115.630870</bottombc><topbc Sync="TRUE">3371479.599444</topbc></lboundng></spdom><keywords><theme><themekt>REQUIRED: Reference to a formally registered thesaurus or a similar authoritative source of theme keywords.</themekt><themekey>REQUIRED: Common-use word or phrase used to describe the subject of the data set.</themekey></theme></keywords><accconst>REQUIRED: Restrictions and legal prerequisites for accessing the data set.</accconst><useconst>REQUIRED: Restrictions and legal prerequisites for using the data set after access is granted.</useconst><natvform Sync="TRUE">Shapefile</natvform></idinfo><dataIdInfo><envirDesc Sync="TRUE">Microsoft Windows XP Version 5.1 (Build 2600) Service Pack 2; ESRI ArcCatalog 9.2.0.1324</envirDesc><idCitation><resTitle Sync="TRUE">npl_polbnda_adm4_vdc_25k_50k_sdn</resTitle><presForm><PresFormCd Sync="TRUE" value="005"></PresFormCd></presForm><citRespParty><rpIndName>Digital Mapping Unit, NGIIP</rpIndName><rpOrgName>Survey Department, Nepal</rpOrgName><rpPosName>Section Chief</rpPosName><role><RoleCd value="006"></RoleCd></role><rpCntInfo><cntAddress><city>Kathmandu</city><adminArea>Kathmandu</adminArea><eMailAdd>data.ngic@dosm.gov.np</eMailAdd><country>np</country><delPoint>Minbhavan, New baneswor</delPoint></cntAddress><cntPhone><voiceNum>+977-1-4622091</voiceNum><faxNum>+977 1 4622957</faxNum></cntPhone></rpCntInfo></citRespParty><resRefDate><refDate>2001</refDate><refDateType><DateTypCd value="002"></DateTypCd></refDateType></resRefDate><resRefDate><refDate>1999</refDate><refDateType><DateTypCd value="001"></DateTypCd></refDateType></resRefDate><citRespParty><rpIndName>Director General</rpIndName><rpOrgName>Survey Department, Nepal</rpOrgName><rpPosName>Director General</rpPosName><role><RoleCd value="010"></RoleCd></role><rpCntInfo><cntAddress><city>Kathmandu</city><adminArea>Kathmandu</adminArea><eMailAdd>metadata.ngic@dosm.gov.np</eMailAdd><country>np</country></cntAddress><cntPhone><voiceNum>+977 1 4622736</voiceNum><faxNum>+977 1 4622957</faxNum></cntPhone></rpCntInfo></citRespParty><resEd>N/A</resEd><resAltTitle>Built up area of whole Nepal</resAltTitle></idCitation><spatRpType><SpatRepTypCd Sync="TRUE" value="001"></SpatRepTypCd></spatRpType><dataExt><geoEle><GeoBndBox esriExtentType="native"><westBL Sync="TRUE">115727.005447</westBL><eastBL Sync="TRUE">916908.037571</eastBL><northBL Sync="TRUE">3371479.599444</northBL><southBL Sync="TRUE">2919115.63087</southBL><exTypeCode Sync="TRUE">1</exTypeCode></GeoBndBox></geoEle></dataExt><geoBox esriExtentType="decdegrees"><westBL Sync="TRUE">80.001507</westBL><eastBL Sync="TRUE">88.337286</eastBL><northBL Sync="TRUE">30.469003</northBL><southBL Sync="TRUE">26.325598</southBL><exTypeCode Sync="TRUE">1</exTypeCode></geoBox><resConst><LegConsts><accessConsts><RestrictCd value="001"></RestrictCd></accessConsts><useConsts><RestrictCd value="001"></RestrictCd></useConsts></LegConsts><Consts><useLimit>User has to use only for the purpose(s) that has/have been mentioned on the requested/agreed document. User should pre-inform to and get permission from Survey Department, Nepal for purpose(s) other than mentioned on the requested/agreed document and publishing value added output(s). The data is not transferable to third person/party. User(s) has/have to declare source in case of value added publication(s). User(s) has/have to follow present and future policy(ies) of Government of Nepal. Acknowledgement of the Survey Department, Nepal would be appreciated in products derived from this data.
</useLimit></Consts></resConst><dataScale><equScale><rfDenom>25000/50000</rfDenom></equScale></dataScale><dataLang><languageCode value="en"></languageCode></dataLang><idAbs>This dataset consists of built-up areas of whole Nepal which has been prepared by merging sheetwise dataset of individual feature layer.</idAbs><tpCat><TopicCatCd value="010"></TopicCatCd></tpCat><resMaint><maintFreq><MaintFreqCd value="998"></MaintFreqCd></maintFreq></resMaint></dataIdInfo><metainfo><langmeta Sync="TRUE">en</langmeta><metstdn Sync="TRUE">FGDC Content Standards for Digital Geospatial Metadata</metstdn><metstdv Sync="TRUE">FGDC-STD-001-1998</metstdv><mettc Sync="TRUE">local time</mettc><metc><cntinfo><cntorgp><cntper>REQUIRED: The person responsible for the metadata information.</cntper><cntorg>REQUIRED: The organization responsible for the metadata information.</cntorg></cntorgp><cntaddr><addrtype>REQUIRED: The mailing and/or physical address for the organization or individual.</addrtype><city>REQUIRED: The city of the address.</city><state>REQUIRED: The state or province of the address.</state><postal>REQUIRED: The ZIP or other postal code of the address.</postal></cntaddr><cntvoice>REQUIRED: The telephone number by which individuals can speak to the organization or individual.</cntvoice></cntinfo></metc><metd Sync="TRUE">20100920</metd><metextns><onlink Sync="TRUE">http://www.esri.com/metadata/esriprof80.html</onlink><metprof Sync="TRUE">ESRI Metadata Profile</metprof></metextns></metainfo><mdLang><languageCode Sync="TRUE" value="en"></languageCode></mdLang><mdStanName Sync="TRUE">ISO 19115 Geographic Information - Metadata</mdStanName><mdStanVer Sync="TRUE">DIS_ESRI1.0</mdStanVer><mdChar><CharSetCd Sync="TRUE" value="004"></CharSetCd></mdChar><mdHrLv><ScopeCd Sync="TRUE" value="005"></ScopeCd></mdHrLv><mdHrLvName Sync="TRUE">dataset</mdHrLvName><distinfo><resdesc Sync="TRUE">Downloadable Data</resdesc><stdorder><digform><digtinfo><transize Sync="TRUE">31.465</transize><dssize Sync="TRUE">31.465</dssize></digtinfo></digform></stdorder></distinfo><distInfo><distributor><distorTran><onLineSrc><orDesc Sync="TRUE">002</orDesc><linkage>http://www.ngiip.gov.np/</linkage><orFunct><OnFunctCd value="002"></OnFunctCd></orFunct><protocol Sync="TRUE">Local Area Network</protocol></onLineSrc><transSize Sync="TRUE">31.465</transSize><offLineMed><medName><MedNameCd value="001"></MedNameCd></medName></offLineMed></distorTran><distorFormat><formatName Sync="TRUE">Shapefile</formatName><formatVer>PC ArcInfo 3.4.2</formatVer></distorFormat><distorCont><rpOrgName>NGIIP, Survey Department, Nepal</rpOrgName><rpPosName>Section Chief</rpPosName><rpCntInfo><cntAddress><delPoint>Minbhavan, New Baneswor</delPoint><city>Kathmandu</city><eMailAdd>data.ngic@dosm.gov.np</eMailAdd><country>np</country><adminArea>Kathmandu</adminArea></cntAddress><cntPhone><voiceNum>+977-1-4622736</voiceNum><faxNum>+977-1-4622957</faxNum></cntPhone></rpCntInfo><role><RoleCd value="005"></RoleCd></role><rpIndName>Digital Mapping Unit</rpIndName></distorCont><distorOrdPrc><ordInstr>Submit request letter addressed to Chief Survey Officer, National Geographic Information Infrastructure (NGIIP), Survey Department, Nepal</ordInstr><resFees>Total price of 8 Layers (Administrative Area- NRS100, Transportation - NRS200, Building and Settlement - NRS60, Landcover - NRS300, Hydrography - NRS240, Topography-NRS240, Utilities - NRS20 and Designated Areas-NRS20) per map sheet at scale 1:25000 or 1:50000 of ENTMP/WNTMP is NRS 1000. 678 topographic map sheets cover whole Nepal.</resFees></distorOrdPrc></distributor></distInfo><spdoinfo><direct Sync="TRUE">Vector</direct><ptvctinf><esriterm Name="npl_polbnda_adm4_vdc_25k_50k_sdn"><efeatyp Sync="TRUE">Simple</efeatyp><efeageom Sync="TRUE">Polygon</efeageom><esritopo Sync="TRUE">FALSE</esritopo><efeacnt Sync="TRUE">3983</efeacnt><spindex Sync="TRUE">FALSE</spindex><linrefer Sync="TRUE">FALSE</linrefer></esriterm><sdtsterm Name="npl_polbnda_adm4_vdc_25k_50k_sdn"><sdtstype Sync="TRUE">G-polygon</sdtstype><ptvctcnt Sync="TRUE">3983</ptvctcnt></sdtsterm></ptvctinf></spdoinfo><spatRepInfo><VectSpatRep><topLvl><TopoLevCd Sync="TRUE" value="001"></TopoLevCd></topLvl><geometObjs Name="npl_polbnda_adm4_vdc_25k_50k_sdn"><geoObjTyp><GeoObjTypCd Sync="TRUE" value="001"></GeoObjTypCd></geoObjTyp><geoObjCnt Sync="TRUE">3983</geoObjCnt></geometObjs></VectSpatRep></spatRepInfo><eainfo><detailed Name="npl_polbnda_adm4_vdc_25k_50k_sdn"><enttyp><enttypl Sync="TRUE">npl_polbnda_adm4_vdc_25k_50k_sdn</enttypl><enttypt Sync="TRUE">Feature Class</enttypt><enttypc Sync="TRUE">3983</enttypc></enttyp><attr><attrlabl Sync="TRUE">FID</attrlabl><attalias Sync="TRUE">FID</attalias><attrtype Sync="TRUE">OID</attrtype><attwidth Sync="TRUE">4</attwidth><atprecis Sync="TRUE">0</atprecis><attscale Sync="TRUE">0</attscale><attrdef Sync="TRUE">Internal feature number.</attrdef><attrdefs Sync="TRUE">ESRI</attrdefs><attrdomv><udom Sync="TRUE">Sequential unique whole numbers that are automatically generated.</udom></attrdomv></attr><attr><attrlabl Sync="TRUE">Shape</attrlabl><attalias Sync="TRUE">Shape</attalias><attrtype Sync="TRUE">Geometry</attrtype><attwidth Sync="TRUE">0</attwidth><atprecis Sync="TRUE">0</atprecis><attscale Sync="TRUE">0</attscale><attrdef Sync="TRUE">Feature geometry.</attrdef><attrdefs Sync="TRUE">ESRI</attrdefs><attrdomv><udom Sync="TRUE">Coordinates defining the features.</udom></attrdomv></attr><attr><attrlabl Sync="TRUE">AREA</attrlabl><attalias Sync="TRUE">AREA</attalias><attrtype Sync="TRUE">String</attrtype><attwidth Sync="TRUE">14</attwidth></attr><attr><attrlabl Sync="TRUE">ZONE</attrlabl><attalias Sync="TRUE">ZONE</attalias><attrtype Sync="TRUE">Number</attrtype><attwidth Sync="TRUE">15</attwidth><atnumdec Sync="TRUE">4</atnumdec></attr><attr><attrlabl Sync="TRUE">DIST_NAME</attrlabl><attalias Sync="TRUE">DIST_NAME</attalias><attrtype Sync="TRUE">String</attrtype><attwidth Sync="TRUE">14</attwidth></attr><attr><attrlabl Sync="TRUE">VDC_NAME</attrlabl><attalias Sync="TRUE">VDC_NAME</attalias><attrtype Sync="TRUE">String</attrtype><attwidth Sync="TRUE">48</attwidth></attr><attr><attrlabl Sync="TRUE">OCHA_VNAME</attrlabl><attalias Sync="TRUE">OCHA_VNAME</attalias><attrtype Sync="TRUE">String</attrtype><attwidth Sync="TRUE">41</attwidth></attr><attr><attrlabl Sync="TRUE">CBS_CODE</attrlabl><attalias Sync="TRUE">CBS_CODE</attalias><attrtype Sync="TRUE">Number</attrtype><attwidth Sync="TRUE">6</attwidth></attr><attr><attrlabl Sync="TRUE">HLCIT_CODE</attrlabl><attalias Sync="TRUE">HLCIT_CODE</attalias><attrtype Sync="TRUE">String</attrtype><attwidth Sync="TRUE">25</attwidth></attr><attr><attrlabl Sync="TRUE">OCHA_PCODE</attrlabl><attalias Sync="TRUE">OCHA_PCODE</attalias><attrtype Sync="TRUE">String</attrtype><attwidth Sync="TRUE">16</attwidth></attr></detailed></eainfo><mdDateSt Sync="TRUE">20100920</mdDateSt><mdContact><rpIndName>Director General</rpIndName><rpOrgName>Survey Department, Nepal</rpOrgName><rpPosName>Director General</rpPosName><rpCntInfo><cntAddress><city>Kathmandu</city><adminArea>Kathamdu</adminArea><eMailAdd>metadata.ngic@dosm.gov.np</eMailAdd><country>np</country><delPoint>Kathmandu</delPoint></cntAddress><cntPhone><voiceNum>+977 1 4622736</voiceNum><faxNum>+977 1 4622957</faxNum></cntPhone></rpCntInfo><role><RoleCd value="003"></RoleCd></role></mdContact><dqInfo><dataLineage><statement>This data has been prepared by merging sheet-wise individual layers available from Survey Department, Nepal.

The original dataset was prepared by digitizing topographic map sheets generated from the aerial photographs acquired at different periods (1992/1996). The original digital data was released on 2001. The topographic maps used to create this dataset are of 1:25,000 scale at Terai and Mid-Hills, and 1:50,000 scale at Upper Mountains and Himalayan range.
</statement></dataLineage><dqScope><scpLvl><ScopeCd value="005"></ScopeCd></scpLvl></dqScope></dqInfo><spref><horizsys><cordsysn><geogcsn Sync="TRUE">GCS_Everest_1830</geogcsn><projcsn Sync="TRUE">Nepal_MUTM_84</projcsn></cordsysn><planar><planci><plance Sync="TRUE">coordinate pair</plance><plandu Sync="TRUE">meters</plandu><coordrep><absres Sync="TRUE">0.000000</absres><ordres Sync="TRUE">0.000000</ordres></coordrep></planci><mapproj><mapprojn Sync="TRUE">Transverse Mercator</mapprojn><transmer><sfctrmer Sync="TRUE">0.999900</sfctrmer><longcm Sync="TRUE">84.000000</longcm><latprjo Sync="TRUE">0.000000</latprjo><feast Sync="TRUE">500000.000000</feast><fnorth Sync="TRUE">0.000000</fnorth></transmer></mapproj></planar><geodetic><horizdn Sync="TRUE">D_Everest_1830</horizdn><ellips Sync="TRUE">Everest_1830</ellips><semiaxis Sync="TRUE">6377276.345000</semiaxis><denflat Sync="TRUE">300.801700</denflat></geodetic></horizsys></spref><refSysInfo><RefSystem><refSysID><identCode Sync="TRUE">Nepal_MUTM_84</identCode></refSysID></RefSystem></refSysInfo><dataqual><lineage><procstep><procdesc Sync="TRUE">Metadata imported.</procdesc><srcused Sync="TRUE">C:\Documents and Settings\Narayan\My Documents\RCHCO2010\DataPreparedness\metadata.xml</srcused><date Sync="TRUE">20100920</date><time Sync="TRUE">15593100</time></procstep><procstep><procdesc Sync="TRUE">Dataset copied.</procdesc><srcused Sync="TRUE"></srcused><date Sync="TRUE">20100921</date><time Sync="TRUE">16173800</time></procstep></lineage></dataqual></metadata>
