P_CODE,MMI_MAX,MMI_MEAN
C-BAG-23-001,7.80,7.63
C-BAG-23-002,7.76,7.59
C-BAG-23-003,7.70,7.58
C-BAG-23-004,7.41,7.36
C-BAG-23-005,7.62,7.37
C-BAG-23-006,7.43,7.35
C-BAG-23-007,7.36,7.20
C-BAG-23-008,7.52,7.42
C-BAG-23-009,7.74,7.67
C-BAG-23-010,7.68,7.60
C-BAG-23-011,7.39,7.35
C-BAG-23-012,7.66,7.55
C-BAG-23-013,7.47,7.36
C-BAG-23-014,7.72,7.60
C-BAG-23-015,7.40,7.32
C-BAG-23-016,7.58,7.45
C-BAG-23-017,7.83,7.71
C-BAG-23-018,7.54,7.49
C-BAG-23-019,7.44,7.22
C-BAG-23-020,7.52,7.42
C-BAG-23-021,7.36,7.31
C-BAG-23-022,7.48,7.32
C-BAG-23-023,7.40,7.37
C-BAG-23-024,7.39,7.12
C-BAG-23-025,7.38,6.95
C-BAG-23-026,7.34,7.29
C-BAG-23-027,7.53,7.34
C-BAG-23-028,7.69,7.56
C-BAG-23-029,7.35,7.23
C-BAG-23-030,7.51,7.37
C-BAG-23-031,7.70,7.59
C-BAG-23-032,7.56,7.42
C-BAG-23-033,7.64,7.52
C-BAG-23-034,7.62,7.45
C-BAG-23-035,7.64,7.53
C-BAG-23-036,7.66,7.55
C-BAG-23-037,7.55,7.36
C-BAG-23-038,7.59,7.37
C-BAG-23-039,7.67,7.55
C-BAG-23-040,7.71,7.60
C-BAG-23-041,7.42,7.38
C-BAG-23-042,7.91,7.67
C-BAG-23-043,7.36,7.23
C-BAG-23-044,7.59,7.46
C-BAG-23-045,7.55,7.39
C-BAG-23-046,7.52,7.41
C-BAG-23-047,7.53,7.29
C-BAG-23-048,7.64,7.48
C-BAG-23-049,7.32,7.17
C-BAG-23-050,7.59,7.46
C-BAG-23-051,7.51,7.44
C-BAG-23-052,7.58,7.51
C-BAG-23-053,7.44,7.32
C-BAG-23-054,7.49,7.46
C-BAG-23-055,7.76,7.59
C-BAG-23-056,7.43,7.39
C-BAG-23-057,7.39,7.37
C-BAG-23-058,7.80,7.61
C-BAG-23-059,7.71,7.65
C-BAG-23-060,7.46,7.37
C-BAG-23-061,7.80,7.66
C-BAG-23-062,7.55,7.50
C-BAG-23-063,7.76,7.61
C-BAG-23-064,7.54,7.43
C-BAG-23-065,7.61,7.50
C-BAG-23-066,7.60,7.45
C-BAG-23-067,7.58,7.48
C-BAG-23-068,7.31,7.12
C-BAG-23-069,7.54,7.43
C-BAG-23-070,7.41,7.40
C-BAG-23-071,7.59,7.52
C-BAG-23-072,7.43,7.36
C-BAG-23-073,7.33,7.26
C-BAG-23-074,7.67,7.57
C-BAG-23-075,7.67,7.59
C-BAG-23-076,7.63,7.51
C-BAG-23-077,7.74,7.60
C-BAG-23-078,7.52,7.46
C-BAG-23-079,7.52,7.50
C-BAG-24-001,7.90,7.73
C-BAG-24-002,8.06,7.98
C-BAG-24-003,7.95,7.89
C-BAG-24-004,7.75,7.63
C-BAG-24-005,8.26,8.14
C-BAG-24-006,7.99,7.93
C-BAG-24-007,7.70,7.58
C-BAG-24-008,7.95,7.90
C-BAG-24-009,7.80,7.64
C-BAG-24-010,7.85,7.73
C-BAG-24-011,7.81,7.74
C-BAG-24-012,8.08,7.95
C-BAG-24-013,8.01,7.93
C-BAG-24-014,7.76,7.61
C-BAG-24-015,7.69,7.61
C-BAG-24-016,8.10,8.00
C-BAG-24-017,8.00,7.93
C-BAG-24-018,8.38,8.06
C-BAG-24-019,7.99,7.89
C-BAG-24-020,7.95,7.88
C-BAG-24-021,7.97,7.83
C-BAG-24-022,7.83,7.71
C-BAG-24-023,8.06,7.91
C-BAG-24-024,8.02,7.93
C-BAG-24-025,7.70,7.67
C-BAG-24-026,7.79,7.71
C-BAG-24-027,7.76,7.68
C-BAG-24-028,8.16,8.00
C-BAG-24-029,8.18,7.98
C-BAG-24-030,7.84,7.71
C-BAG-24-031,8.22,8.13
C-BAG-24-032,8.42,8.10
C-BAG-24-033,7.78,7.67
C-BAG-24-034,7.99,7.90
C-BAG-24-035,7.94,7.84
C-BAG-24-036,7.91,7.73
C-BAG-24-037,8.04,7.91
C-BAG-24-038,7.95,7.83
C-BAG-24-039,7.79,7.71
C-BAG-24-040,7.98,7.91
C-BAG-24-041,8.01,7.85
C-BAG-24-042,8.01,7.93
C-BAG-24-043,7.96,7.88
C-BAG-24-044,7.86,7.80
C-BAG-24-045,7.98,7.83
C-BAG-24-046,7.81,7.75
C-BAG-24-047,7.90,7.83
C-BAG-24-048,7.82,7.78
C-BAG-24-049,8.08,7.92
C-BAG-24-050,7.90,7.83
C-BAG-24-051,7.84,7.77
C-BAG-24-052,7.84,7.76
C-BAG-24-053,7.97,7.92
C-BAG-24-054,8.01,7.93
C-BAG-24-055,8.26,8.11
C-BAG-24-056,7.75,7.66
C-BAG-24-057,7.98,7.85
C-BAG-24-058,7.99,7.90
C-BAG-24-059,8.01,7.87
C-BAG-24-060,8.19,8.10
C-BAG-24-061,7.66,7.60
C-BAG-24-062,7.98,7.87
C-BAG-24-063,8.18,7.99
C-BAG-24-064,7.80,7.65
C-BAG-24-065,8.15,8.00
C-BAG-24-066,7.97,7.83
C-BAG-24-067,8.01,7.85
C-BAG-24-068,7.77,7.68
C-BAG-24-069,7.84,7.79
C-BAG-24-070,7.97,7.89
C-BAG-24-071,7.95,7.78
C-BAG-24-072,8.03,7.89
C-BAG-24-073,8.19,8.11
C-BAG-24-074,7.71,7.63
C-BAG-24-075,8.24,8.16
C-BAG-24-076,8.23,8.08
C-BAG-24-077,7.75,7.64
C-BAG-24-078,7.79,7.63
C-BAG-24-079,8.10,8.02
C-BAG-24-080,7.79,7.72
C-BAG-24-081,7.83,7.75
C-BAG-24-082,7.98,7.78
C-BAG-24-083,8.03,7.91
C-BAG-24-084,8.07,7.97
C-BAG-24-085,7.73,7.63
C-BAG-24-086,7.96,7.88
C-BAG-24-087,7.96,7.91
C-BAG-24-088,7.81,7.76
C-BAG-24-089,7.97,7.83
C-BAG-24-090,8.16,8.01
C-BAG-25-001,8.19,8.11
C-BAG-25-002,8.08,7.94
C-BAG-25-003,8.14,8.09
C-BAG-25-004,8.19,8.05
C-BAG-25-005,7.79,7.67
C-BAG-25-006,8.17,8.08
C-BAG-25-007,7.77,7.65
C-BAG-25-008,8.06,8.02
C-BAG-25-009,8.05,7.92
C-BAG-25-010,7.96,7.85
C-BAG-25-011,8.12,8.06
C-BAG-25-012,8.07,8.00
C-BAG-25-013,8.05,7.98
C-BAG-25-014,7.80,7.73
C-BAG-25-015,8.12,8.06
C-BAG-25-016,7.94,7.89
C-BAG-25-017,8.20,8.11
C-BAG-25-018,7.75,7.69
C-BAG-25-019,8.09,7.84
C-BAG-25-020,8.06,8.03
C-BAG-25-021,7.81,7.76
C-BAG-25-022,8.15,8.08
C-BAG-25-023,7.91,7.86
C-BAG-25-024,7.85,7.80
C-BAG-25-025,8.05,7.99
C-BAG-25-026,7.60,7.51
C-BAG-25-027,7.87,7.76
C-BAG-25-028,7.94,7.67
C-BAG-25-029,8.14,8.02
C-BAG-25-030,7.79,7.68
C-BAG-25-031,8.18,8.09
C-BAG-25-032,8.10,8.04
C-BAG-25-033,8.13,8.02
C-BAG-25-034,8.28,8.16
C-BAG-25-035,7.74,7.62
C-BAG-25-036,8.14,8.08
C-BAG-25-037,7.84,7.79
C-BAG-25-038,7.71,7.67
C-BAG-25-039,7.80,7.76
C-BAG-25-040,7.79,7.73
C-BAG-25-041,8.15,8.09
C-BAG-25-042,7.95,7.86
C-BAG-26-001,8.09,7.84
C-BAG-26-002,8.01,7.92
C-BAG-26-003,7.89,7.72
C-BAG-26-004,7.78,7.67
C-BAG-26-005,8.02,7.76
C-BAG-26-006,7.89,7.78
C-BAG-26-007,7.93,7.63
C-BAG-26-008,7.84,7.79
C-BAG-26-009,7.73,7.55
C-BAG-26-010,7.82,7.75
C-BAG-26-011,7.87,7.69
C-BAG-26-012,8.02,7.92
C-BAG-26-013,7.86,7.74
C-BAG-26-014,7.97,7.73
C-BAG-26-015,7.83,7.59
C-BAG-26-016,7.88,7.74
C-BAG-26-017,8.08,7.97
C-BAG-26-018,8.05,7.91
C-BAG-27-001,7.76,7.70
C-BAG-27-002,7.79,7.65
C-BAG-27-003,7.75,7.68
C-BAG-27-004,7.59,7.52
C-BAG-27-005,7.68,7.44
C-BAG-27-006,7.79,7.75
C-BAG-27-007,7.66,7.45
C-BAG-27-008,7.79,7.37
C-BAG-27-009,7.55,7.46
C-BAG-27-010,7.69,7.35
C-BAG-27-011,8.12,8.03
C-BAG-27-012,7.62,7.55
C-BAG-27-013,7.84,7.67
C-BAG-27-014,7.81,7.75
C-BAG-27-015,8.07,7.85
C-BAG-27-016,7.87,7.81
C-BAG-27-017,7.59,7.44
C-BAG-27-018,7.73,7.64
C-BAG-27-019,7.79,7.58
C-BAG-27-020,7.87,7.71
C-BAG-27-021,7.50,7.33
C-BAG-27-022,7.84,7.73
C-BAG-27-023,7.94,7.87
C-BAG-27-024,7.65,7.39
C-BAG-27-025,7.76,7.69
C-BAG-27-026,7.51,7.31
C-BAG-27-027,7.55,7.38
C-BAG-27-028,7.92,7.84
C-BAG-27-029,7.67,7.41
C-BAG-27-030,7.87,7.75
C-BAG-27-031,7.97,7.84
C-BAG-27-032,7.82,7.79
C-BAG-27-033,7.76,7.52
C-BAG-27-034,7.74,7.63
C-BAG-27-035,7.70,7.52
C-BAG-27-036,7.81,7.59
C-BAG-27-037,7.90,7.80
C-BAG-27-038,7.72,7.57
C-BAG-27-039,7.81,7.58
C-BAG-27-040,7.86,7.83
C-BAG-27-041,7.75,7.64
C-BAG-27-042,7.72,7.65
C-BAG-27-043,7.70,7.60
C-BAG-27-044,7.76,7.53
C-BAG-27-045,7.71,7.65
C-BAG-27-046,7.60,7.50
C-BAG-27-047,7.74,7.38
C-BAG-27-048,7.83,7.65
C-BAG-27-049,7.59,7.47
C-BAG-27-050,7.76,7.60
C-BAG-27-051,7.88,7.63
C-BAG-27-052,7.71,7.58
C-BAG-27-053,7.65,7.42
C-BAG-27-054,7.87,7.73
C-BAG-27-055,8.14,7.85
C-BAG-27-056,7.85,7.67
C-BAG-27-057,7.76,7.63
C-BAG-27-058,7.81,7.69
C-BAG-27-059,7.80,7.76
C-BAG-28-001,7.68,7.55
C-BAG-28-002,7.51,7.47
C-BAG-28-003,7.57,7.54
C-BAG-28-004,7.82,7.68
C-BAG-28-005,7.61,7.48
C-BAG-28-006,7.70,7.60
C-BAG-28-007,7.49,7.41
C-BAG-28-008,7.99,7.78
C-BAG-28-009,7.89,7.73
C-BAG-28-010,7.61,7.51
C-BAG-28-011,7.83,7.70
C-BAG-28-012,7.70,7.62
C-BAG-28-013,7.79,7.69
C-BAG-28-014,7.94,7.74
C-BAG-28-015,7.58,7.52
C-BAG-28-016,7.72,7.67
C-BAG-28-017,7.63,7.54
C-BAG-28-018,7.93,7.80
C-BAG-28-019,7.51,7.47
C-BAG-28-020,7.76,7.66
C-BAG-28-021,7.49,7.39
C-BAG-28-022,7.72,7.59
C-BAG-28-023,7.46,7.32
C-BAG-28-024,7.82,7.69
C-BAG-28-025,7.81,7.71
C-BAG-28-026,7.68,7.57
C-BAG-28-027,7.70,7.60
C-BAG-28-028,7.69,7.60
C-BAG-28-029,7.63,7.58
C-BAG-28-030,7.58,7.51
C-BAG-28-031,7.81,7.72
C-BAG-28-032,7.69,7.59
C-BAG-28-033,7.81,7.69
C-BAG-28-034,7.61,7.51
C-BAG-28-035,8.02,7.82
C-BAG-28-036,7.60,7.46
C-BAG-28-037,7.57,7.51
C-BAG-28-038,7.98,7.70
C-BAG-28-039,7.59,7.53
C-BAG-28-040,7.52,7.47
C-BAG-28-041,7.66,7.56
C-BAG-28-042,7.72,7.57
C-BAG-28-043,7.64,7.53
C-BAG-28-044,7.64,7.47
C-BAG-28-045,7.92,7.79
C-BAG-28-046,7.54,7.47
C-BAG-28-047,7.63,7.46
C-BAG-28-048,7.81,7.64
C-BAG-28-049,7.56,7.45
C-BAG-28-050,7.45,7.43
C-BAG-28-051,7.47,7.36
C-BAG-28-052,7.53,7.47
C-BAG-28-053,7.49,7.45
C-BAG-28-054,7.62,7.51
C-BAG-28-055,7.87,7.75
C-BAG-28-056,7.56,7.50
C-BAG-28-057,7.88,7.80
C-BAG-28-058,7.63,7.55
C-BAG-28-059,7.81,7.62
C-BAG-28-060,7.62,7.49
C-BAG-28-061,7.70,7.53
C-BAG-28-062,7.45,7.39
C-BAG-29-001,7.51,7.44
C-BAG-29-002,7.35,7.17
C-BAG-29-003,7.30,7.16
C-BAG-29-004,7.44,7.35
C-BAG-29-005,7.46,7.30
C-BAG-29-006,7.34,7.19
C-BAG-29-007,7.26,7.22
C-BAG-29-008,7.46,7.30
C-BAG-29-009,7.54,7.46
C-BAG-29-010,7.56,7.45
C-BAG-29-011,7.29,6.72
C-BAG-29-012,7.52,7.39
C-BAG-29-013,7.49,7.41
C-BAG-29-014,7.43,7.22
C-BAG-29-015,7.42,7.41
C-BAG-29-016,7.22,7.10
C-BAG-29-017,7.17,6.73
C-BAG-29-018,7.39,7.33
C-BAG-30-001,7.95,7.81
C-BAG-30-002,8.11,7.94
C-BAG-30-003,7.60,7.50
C-BAG-30-004,8.13,8.04
C-BAG-30-005,8.05,7.89
C-BAG-30-006,7.81,7.68
C-BAG-30-007,7.96,7.83
C-BAG-30-008,8.02,7.56
C-BAG-30-009,7.56,7.49
C-BAG-30-010,7.95,7.86
C-BAG-30-011,8.18,8.06
C-BAG-30-012,7.85,7.73
C-BAG-30-013,8.18,8.01
C-BAG-30-014,8.15,7.88
C-BAG-30-015,7.67,7.56
C-BAG-30-016,8.12,7.94
C-BAG-30-017,7.55,7.41
C-BAG-30-018,8.26,8.09
C-BAG-30-019,7.90,7.73
C-BAG-30-020,8.03,7.86
C-BAG-30-021,7.85,7.69
C-BAG-30-022,8.19,7.92
C-BAG-30-023,7.94,7.79
C-BAG-30-024,7.94,7.87
C-BAG-30-025,8.09,7.97
C-BAG-30-026,8.06,7.90
C-BAG-30-027,7.53,7.27
C-BAG-30-028,8.17,8.07
C-BAG-30-029,8.03,7.91
C-BAG-30-030,7.75,7.58
C-BAG-30-031,7.81,7.73
C-BAG-30-032,7.96,7.87
C-BAG-30-033,7.89,7.84
C-BAG-30-034,8.00,7.86
C-BAG-30-035,7.94,7.76
C-BAG-30-036,7.79,7.53
C-BAG-30-037,8.11,8.00
C-BAG-30-038,7.58,7.45
C-BAG-30-039,8.08,7.95
C-BAG-30-040,7.82,7.67
C-BAG-30-041,7.98,7.89
C-BAG-30-042,7.94,7.78
C-BAG-30-043,7.55,7.49
C-BAG-30-044,7.68,7.59
C-BAG-30-045,7.42,7.26
C-BAG-30-046,7.96,7.83
C-BAG-30-047,7.95,7.91
C-BAG-30-048,8.09,7.87
C-BAG-30-049,7.38,7.23
C-BAG-30-050,7.76,7.68
C-JAN-17-001,6.68,6.66
C-JAN-17-002,6.65,6.61
C-JAN-17-003,6.61,6.60
C-JAN-17-004,6.69,6.65
C-JAN-17-005,6.57,6.54
C-JAN-17-006,6.63,6.62
C-JAN-17-007,6.69,6.63
C-JAN-17-008,6.45,6.44
C-JAN-17-009,6.48,6.45
C-JAN-17-010,6.46,6.44
C-JAN-17-011,6.73,6.71
C-JAN-17-012,6.65,6.61
C-JAN-17-013,6.65,6.61
C-JAN-17-014,6.74,6.69
C-JAN-17-015,6.82,6.76
C-JAN-17-016,6.94,6.79
C-JAN-17-017,6.74,6.69
C-JAN-17-018,6.67,6.53
C-JAN-17-019,6.83,6.80
C-JAN-17-020,6.76,6.70
C-JAN-17-021,6.66,6.63
C-JAN-17-022,6.55,6.53
C-JAN-17-023,6.63,6.61
C-JAN-17-024,6.61,6.58
C-JAN-17-025,6.72,6.66
C-JAN-17-026,6.61,6.55
C-JAN-17-027,6.62,6.61
C-JAN-17-028,6.63,6.61
C-JAN-17-029,6.55,6.50
C-JAN-17-030,6.82,6.70
C-JAN-17-031,6.64,6.57
C-JAN-17-032,6.68,6.62
C-JAN-17-033,6.76,6.71
C-JAN-17-034,6.52,6.50
C-JAN-17-035,6.59,6.53
C-JAN-17-036,6.55,6.52
C-JAN-17-037,6.60,6.54
C-JAN-17-038,6.62,6.60
C-JAN-17-039,6.67,6.24
C-JAN-17-040,6.75,6.71
C-JAN-17-041,6.58,6.55
C-JAN-17-042,6.66,6.64
C-JAN-17-043,6.75,6.70
C-JAN-17-044,6.63,6.55
C-JAN-17-045,6.59,6.56
C-JAN-17-046,6.46,6.44
C-JAN-17-047,6.60,6.57
C-JAN-17-048,6.73,6.66
C-JAN-17-049,6.66,6.63
C-JAN-17-050,6.65,6.61
C-JAN-17-051,6.71,6.69
C-JAN-17-052,6.69,6.64
C-JAN-17-053,6.66,6.62
C-JAN-17-054,6.47,6.45
C-JAN-17-055,6.63,6.62
C-JAN-17-056,6.77,6.74
C-JAN-17-057,6.65,6.60
C-JAN-17-058,6.56,6.53
C-JAN-17-059,6.62,6.60
C-JAN-17-060,6.52,6.46
C-JAN-17-061,6.84,6.82
C-JAN-17-062,6.75,6.72
C-JAN-17-063,6.65,6.62
C-JAN-17-064,6.48,6.47
C-JAN-17-065,6.66,6.62
C-JAN-17-066,6.71,6.67
C-JAN-17-067,6.65,6.63
C-JAN-17-068,6.50,6.47
C-JAN-17-069,6.69,6.65
C-JAN-17-070,6.69,6.65
C-JAN-17-071,6.49,6.47
C-JAN-17-072,6.55,6.52
C-JAN-17-073,6.79,6.64
C-JAN-17-074,6.62,6.60
C-JAN-17-075,6.65,6.62
C-JAN-17-076,6.62,6.61
C-JAN-17-077,6.46,6.45
C-JAN-17-078,6.69,6.67
C-JAN-17-079,6.64,6.61
C-JAN-17-080,6.74,6.54
C-JAN-17-081,6.69,6.65
C-JAN-17-082,6.80,6.76
C-JAN-17-083,6.71,6.68
C-JAN-17-084,6.80,6.75
C-JAN-17-085,6.80,6.77
C-JAN-17-086,6.71,6.65
C-JAN-17-087,6.80,6.77
C-JAN-17-088,6.60,6.57
C-JAN-17-089,6.59,6.52
C-JAN-17-090,6.79,6.75
C-JAN-17-091,6.64,6.62
C-JAN-17-092,6.64,6.63
C-JAN-17-093,6.64,6.62
C-JAN-17-094,6.71,6.69
C-JAN-17-095,6.55,6.47
C-JAN-17-096,6.71,6.68
C-JAN-17-097,7.37,6.87
C-JAN-17-098,6.59,6.54
C-JAN-17-099,6.55,6.48
C-JAN-17-100,6.76,6.67
C-JAN-17-101,6.59,6.56
C-JAN-17-102,6.73,6.58
C-JAN-18-001,6.62,6.59
C-JAN-18-002,7.01,6.97
C-JAN-18-003,6.83,6.79
C-JAN-18-004,6.72,6.68
C-JAN-18-005,6.86,6.83
C-JAN-18-006,6.81,6.75
C-JAN-18-007,6.60,6.59
C-JAN-18-008,6.83,6.79
C-JAN-18-009,7.04,6.96
C-JAN-18-010,6.88,6.85
C-JAN-18-011,6.63,6.57
C-JAN-18-012,7.09,7.04
C-JAN-18-013,7.07,7.04
C-JAN-18-014,6.65,6.63
C-JAN-18-015,6.96,6.90
C-JAN-18-016,6.75,6.68
C-JAN-18-017,6.67,6.64
C-JAN-18-018,6.90,6.82
C-JAN-18-019,6.90,6.85
C-JAN-18-020,6.60,6.57
C-JAN-18-021,6.68,6.66
C-JAN-18-022,6.61,6.59
C-JAN-18-023,6.77,6.71
C-JAN-18-024,6.62,6.61
C-JAN-18-025,7.07,7.03
C-JAN-18-026,6.84,6.82
C-JAN-18-027,7.53,6.97
C-JAN-18-028,7.05,6.98
C-JAN-18-029,6.72,6.69
C-JAN-18-030,6.66,6.61
C-JAN-18-031,6.85,6.80
C-JAN-18-032,7.07,6.98
C-JAN-18-033,6.92,6.89
C-JAN-18-034,6.62,6.55
C-JAN-18-035,6.99,6.95
C-JAN-18-036,7.86,7.35
C-JAN-18-037,6.94,6.90
C-JAN-18-038,6.79,6.76
C-JAN-18-039,6.95,6.89
C-JAN-18-040,6.66,6.64
C-JAN-18-041,7.12,7.06
C-JAN-18-042,6.87,6.83
C-JAN-18-043,6.79,6.77
C-JAN-18-044,6.67,6.63
C-JAN-18-045,7.51,7.16
C-JAN-18-046,6.63,6.59
C-JAN-18-047,6.72,6.68
C-JAN-18-048,6.57,6.52
C-JAN-18-049,6.95,6.90
C-JAN-18-050,6.58,6.54
C-JAN-18-051,7.03,7.01
C-JAN-18-052,6.77,6.74
C-JAN-18-053,6.91,6.88
C-JAN-18-054,6.55,6.49
C-JAN-18-055,6.91,6.87
C-JAN-18-056,6.60,6.58
C-JAN-18-057,6.66,6.62
C-JAN-18-058,6.81,6.80
C-JAN-18-059,6.93,6.90
C-JAN-18-060,6.89,6.84
C-JAN-18-061,7.09,7.00
C-JAN-18-062,6.78,6.68
C-JAN-18-063,6.82,6.81
C-JAN-18-064,6.65,6.61
C-JAN-18-065,6.70,6.67
C-JAN-18-066,6.81,6.73
C-JAN-18-067,6.86,6.83
C-JAN-18-068,7.00,6.96
C-JAN-18-069,6.59,6.57
C-JAN-18-070,6.92,6.88
C-JAN-18-071,6.70,6.67
C-JAN-18-072,6.99,6.93
C-JAN-18-073,6.98,6.90
C-JAN-18-074,6.78,6.74
C-JAN-18-075,6.54,6.51
C-JAN-18-076,7.03,6.99
C-JAN-18-077,6.88,6.83
C-JAN-19-001,6.66,6.64
C-JAN-19-002,6.67,6.63
C-JAN-19-003,7.45,7.07
C-JAN-19-004,6.96,6.91
C-JAN-19-005,7.09,7.03
C-JAN-19-006,6.82,6.77
C-JAN-19-007,6.67,6.65
C-JAN-19-008,6.64,6.62
C-JAN-19-009,7.14,7.06
C-JAN-19-010,6.74,6.68
C-JAN-19-011,7.10,7.06
C-JAN-19-012,6.80,6.77
C-JAN-19-013,7.14,7.10
C-JAN-19-014,6.91,6.89
C-JAN-19-015,6.81,6.69
C-JAN-19-016,6.77,6.76
C-JAN-19-017,6.76,6.68
C-JAN-19-018,7.20,7.09
C-JAN-19-019,6.90,6.88
C-JAN-19-020,6.98,6.94
C-JAN-19-021,7.05,7.00
C-JAN-19-022,6.85,6.73
C-JAN-19-023,6.64,6.62
C-JAN-19-024,7.05,7.02
C-JAN-19-025,6.88,6.85
C-JAN-19-026,6.92,6.88
C-JAN-19-027,7.37,7.06
C-JAN-19-028,7.40,7.30
C-JAN-19-029,6.67,6.65
C-JAN-19-030,7.13,7.09
C-JAN-19-031,6.80,6.77
C-JAN-19-032,6.72,6.66
C-JAN-19-033,6.92,6.88
C-JAN-19-034,6.81,6.77
C-JAN-19-035,7.18,7.09
C-JAN-19-036,7.07,7.00
C-JAN-19-037,6.86,6.83
C-JAN-19-038,7.27,7.19
C-JAN-19-039,7.03,6.99
C-JAN-19-040,7.38,7.26
C-JAN-19-041,6.62,6.59
C-JAN-19-042,7.05,7.01
C-JAN-19-043,7.22,7.17
C-JAN-19-044,7.27,7.23
C-JAN-19-045,7.05,6.97
C-JAN-19-046,7.21,7.06
C-JAN-19-047,7.00,6.97
C-JAN-19-048,7.08,7.00
C-JAN-19-049,7.78,7.33
C-JAN-19-050,7.39,7.17
C-JAN-19-051,6.69,6.66
C-JAN-19-052,6.91,6.88
C-JAN-19-053,6.80,6.77
C-JAN-19-054,7.11,7.04
C-JAN-19-055,6.85,6.80
C-JAN-19-056,7.39,7.27
C-JAN-19-057,6.99,6.95
C-JAN-19-058,7.20,7.15
C-JAN-19-059,6.83,6.81
C-JAN-19-060,6.77,6.68
C-JAN-19-061,6.67,6.65
C-JAN-19-062,6.86,6.84
C-JAN-19-063,6.92,6.90
C-JAN-19-064,6.92,6.82
C-JAN-19-065,6.91,6.88
C-JAN-19-066,6.67,6.66
C-JAN-19-067,7.04,7.00
C-JAN-19-068,6.88,6.84
C-JAN-19-069,7.13,7.06
C-JAN-19-070,6.85,6.82
C-JAN-19-071,7.88,7.52
C-JAN-19-072,6.96,6.90
C-JAN-19-073,7.40,7.31
C-JAN-19-074,7.03,6.95
C-JAN-19-075,6.98,6.92
C-JAN-19-076,7.90,7.38
C-JAN-19-077,7.44,7.25
C-JAN-19-078,7.14,7.09
C-JAN-19-079,6.94,6.91
C-JAN-19-080,7.09,7.05
C-JAN-19-081,7.18,7.09
C-JAN-19-082,6.78,6.76
C-JAN-19-083,6.70,6.68
C-JAN-19-084,7.29,7.20
C-JAN-19-085,6.73,6.68
C-JAN-19-086,6.77,6.76
C-JAN-19-087,6.96,6.92
C-JAN-19-088,6.98,6.91
C-JAN-19-089,7.21,7.14
C-JAN-19-090,7.43,7.37
C-JAN-19-091,7.04,6.97
C-JAN-19-092,6.82,6.79
C-JAN-19-093,6.80,6.73
C-JAN-19-094,6.87,6.84
C-JAN-19-095,6.78,6.72
C-JAN-19-096,6.94,6.92
C-JAN-19-097,6.64,6.63
C-JAN-19-098,6.90,6.85
C-JAN-19-099,6.98,6.93
C-JAN-19-100,6.89,6.86
C-JAN-20-001,8.32,8.04
C-JAN-20-002,5.90,5.68
C-JAN-20-003,6.12,5.93
C-JAN-20-004,6.42,6.26
C-JAN-20-005,7.19,6.87
C-JAN-20-006,8.15,8.03
C-JAN-20-007,6.87,6.51
C-JAN-20-008,8.03,7.64
C-JAN-20-009,7.35,7.21
C-JAN-20-010,7.04,6.55
C-JAN-20-011,6.82,6.59
C-JAN-20-012,6.59,6.41
C-JAN-20-013,8.60,8.16
C-JAN-20-014,6.45,6.18
C-JAN-20-015,6.51,6.14
C-JAN-20-016,8.23,7.92
C-JAN-20-017,6.35,6.02
C-JAN-20-018,6.51,6.24
C-JAN-20-019,7.51,7.35
C-JAN-20-020,6.47,6.22
C-JAN-20-021,7.99,7.92
C-JAN-20-022,5.93,5.76
C-JAN-20-023,6.16,5.60
C-JAN-20-024,8.49,8.02
C-JAN-20-025,8.04,7.35
C-JAN-20-026,8.54,8.21
C-JAN-20-027,6.01,5.86
C-JAN-20-028,6.12,5.88
C-JAN-20-029,7.95,7.87
C-JAN-20-030,8.15,7.27
C-JAN-20-031,6.52,6.03
C-JAN-20-032,6.36,6.08
C-JAN-20-033,5.97,5.73
C-JAN-20-034,8.63,8.24
C-JAN-20-035,8.15,7.88
C-JAN-20-036,7.82,7.56
C-JAN-20-037,8.21,8.06
C-JAN-20-038,6.50,6.31
C-JAN-20-039,7.94,7.53
C-JAN-20-040,8.01,7.90
C-JAN-20-041,6.91,6.59
C-JAN-20-042,7.73,6.91
C-JAN-20-043,7.32,7.10
C-JAN-20-044,5.82,5.64
C-JAN-20-045,8.35,8.07
C-JAN-20-046,6.36,6.03
C-JAN-20-047,7.85,7.67
C-JAN-20-048,5.81,5.72
C-JAN-20-049,6.32,5.99
C-JAN-20-050,8.16,8.06
C-JAN-20-051,6.47,5.98
C-JAN-20-052,7.05,6.60
C-JAN-20-053,6.19,6.07
C-JAN-20-054,6.11,5.93
C-JAN-21-001,6.26,6.12
C-JAN-21-002,6.79,6.66
C-JAN-21-003,7.86,7.77
C-JAN-21-004,7.77,7.62
C-JAN-21-005,7.58,7.31
C-JAN-21-006,7.92,7.75
C-JAN-21-007,6.39,6.22
C-JAN-21-008,6.55,6.38
C-JAN-21-009,7.34,7.25
C-JAN-21-010,7.22,7.05
C-JAN-21-011,6.67,6.22
C-JAN-21-012,7.72,7.61
C-JAN-21-013,6.59,6.43
C-JAN-21-014,7.82,7.73
C-JAN-21-015,7.71,7.67
C-JAN-21-016,6.52,6.35
C-JAN-21-017,6.94,6.66
C-JAN-21-018,7.27,7.02
C-JAN-21-019,7.71,7.61
C-JAN-21-020,6.55,6.35
C-JAN-21-021,6.44,5.96
C-JAN-21-022,7.81,7.73
C-JAN-21-023,6.54,6.39
C-JAN-21-024,7.79,7.73
C-JAN-21-025,6.45,6.19
C-JAN-21-026,6.95,6.73
C-JAN-21-027,7.82,7.73
C-JAN-21-028,7.84,7.79
C-JAN-21-029,6.97,6.73
C-JAN-21-030,6.32,6.11
C-JAN-21-031,7.80,7.67
C-JAN-21-032,7.93,7.80
C-JAN-21-033,7.85,7.73
C-JAN-21-034,7.45,7.16
C-JAN-21-035,7.12,6.95
C-JAN-21-036,6.72,6.59
C-JAN-21-037,6.79,6.57
C-JAN-21-038,6.57,6.41
C-JAN-21-039,7.72,7.46
C-JAN-21-040,7.48,7.19
C-JAN-21-041,7.60,7.50
C-JAN-21-042,6.60,6.22
C-JAN-21-043,7.44,7.34
C-JAN-21-044,7.93,7.83
C-JAN-21-045,7.09,6.80
C-JAN-21-046,6.63,6.28
C-JAN-21-047,6.75,6.58
C-JAN-21-048,6.49,6.28
C-JAN-21-049,6.75,6.54
C-JAN-21-050,6.41,6.29
C-JAN-21-051,6.82,6.57
C-JAN-21-052,6.85,6.70
C-JAN-21-053,6.64,6.39
C-JAN-21-054,6.95,6.78
C-JAN-21-055,7.71,7.64
C-JAN-22-001,7.25,7.16
C-JAN-22-002,7.30,7.25
C-JAN-22-003,7.52,7.35
C-JAN-22-004,7.57,7.41
C-JAN-22-005,7.35,7.18
C-JAN-22-006,7.59,7.53
C-JAN-22-007,7.38,7.26
C-JAN-22-008,7.47,7.42
C-JAN-22-009,7.16,7.07
C-JAN-22-010,6.91,6.65
C-JAN-22-011,7.39,7.16
C-JAN-22-012,7.36,7.22
C-JAN-22-013,6.94,6.85
C-JAN-22-014,7.69,7.49
C-JAN-22-015,7.61,7.56
C-JAN-22-016,7.59,7.49
C-JAN-22-017,7.44,7.12
C-JAN-22-018,7.06,6.29
C-JAN-22-019,7.58,7.43
C-JAN-22-020,7.11,6.89
C-JAN-22-021,7.22,7.08
C-JAN-22-022,7.11,7.00
C-JAN-22-023,7.14,6.89
C-JAN-22-024,6.93,6.77
C-JAN-22-025,7.28,6.96
C-JAN-22-026,7.21,7.05
C-JAN-22-027,7.42,7.31
C-JAN-22-028,7.63,7.53
C-JAN-22-029,7.10,6.68
C-JAN-22-030,7.32,7.26
C-JAN-22-031,7.36,7.15
C-JAN-22-032,7.61,7.48
C-JAN-22-033,7.29,6.71
C-JAN-22-034,7.34,7.19
C-JAN-22-035,7.38,7.32
C-JAN-22-036,7.77,7.56
C-JAN-22-037,6.77,6.59
C-JAN-22-038,7.16,7.04
C-JAN-22-039,6.77,6.43
C-JAN-22-040,7.42,7.22
C-JAN-22-041,7.22,6.99
C-JAN-22-042,7.49,7.29
C-JAN-22-043,7.13,7.03
C-JAN-22-044,7.50,7.37
C-JAN-22-045,7.12,6.93
C-JAN-22-046,7.61,7.54
C-JAN-22-047,7.39,7.28
C-JAN-22-048,7.42,7.36
C-JAN-22-049,7.04,6.71
C-JAN-22-050,7.41,7.38
C-JAN-22-051,6.67,6.36
C-JAN-22-052,7.13,6.93
C-NAR-31-001,8.05,7.99
C-NAR-31-002,7.74,7.52
C-NAR-31-003,8.21,8.04
C-NAR-31-004,7.54,7.29
C-NAR-31-005,8.19,8.02
C-NAR-31-006,8.14,7.67
C-NAR-31-007,8.16,7.98
C-NAR-31-008,8.16,8.08
C-NAR-31-009,8.08,7.89
C-NAR-31-010,8.19,8.03
C-NAR-31-011,7.15,6.92
C-NAR-31-012,8.15,8.06
C-NAR-31-013,8.17,8.08
C-NAR-31-014,7.33,6.87
C-NAR-31-015,8.12,7.98
C-NAR-31-016,8.08,7.58
C-NAR-31-017,8.15,8.07
C-NAR-31-018,7.23,6.89
C-NAR-31-019,7.43,7.12
C-NAR-31-020,7.65,7.28
C-NAR-31-021,7.46,7.23
C-NAR-31-022,8.16,8.07
C-NAR-31-023,8.14,7.82
C-NAR-31-024,8.14,7.72
C-NAR-31-025,8.19,8.08
C-NAR-31-026,8.18,8.10
C-NAR-31-027,8.16,8.03
C-NAR-31-028,7.67,7.40
C-NAR-31-029,7.75,7.10
C-NAR-31-030,8.16,8.06
C-NAR-31-031,8.27,8.09
C-NAR-31-032,8.15,7.94
C-NAR-31-033,8.09,7.85
C-NAR-31-034,7.29,7.02
C-NAR-31-035,8.23,8.04
C-NAR-31-036,7.64,7.13
C-NAR-31-037,8.07,7.64
C-NAR-31-038,7.88,7.34
C-NAR-31-039,8.08,7.82
C-NAR-31-040,7.64,7.04
C-NAR-31-041,8.15,8.03
C-NAR-31-042,7.91,7.72
C-NAR-31-043,8.06,7.72
C-NAR-31-044,7.97,7.92
C-NAR-32-001,6.68,6.64
C-NAR-32-002,6.57,6.52
C-NAR-32-003,6.48,6.47
C-NAR-32-004,6.62,6.60
C-NAR-32-005,6.83,6.79
C-NAR-32-006,6.90,6.87
C-NAR-32-007,6.51,6.47
C-NAR-32-008,6.45,6.43
C-NAR-32-009,6.89,6.84
C-NAR-32-010,6.61,6.59
C-NAR-32-011,6.63,6.61
C-NAR-32-012,6.89,6.86
C-NAR-32-013,6.70,6.66
C-NAR-32-014,6.68,6.64
C-NAR-32-015,6.84,6.82
C-NAR-32-016,7.22,7.02
C-NAR-32-017,6.80,6.77
C-NAR-32-018,6.56,6.55
C-NAR-32-019,7.20,6.94
C-NAR-32-020,6.74,6.72
C-NAR-32-021,6.85,6.80
C-NAR-32-022,6.79,6.76
C-NAR-32-023,6.77,6.75
C-NAR-32-024,7.09,7.01
C-NAR-32-025,6.52,6.50
C-NAR-32-026,6.62,6.60
C-NAR-32-027,6.91,6.86
C-NAR-32-028,6.85,6.77
C-NAR-32-029,6.92,6.88
C-NAR-32-030,6.85,6.81
C-NAR-32-031,6.67,6.66
C-NAR-32-032,6.85,6.84
C-NAR-32-033,6.60,6.51
C-NAR-32-034,6.83,6.80
C-NAR-32-035,6.99,6.95
C-NAR-32-036,6.63,6.60
C-NAR-32-037,6.90,6.86
C-NAR-32-038,6.73,6.67
C-NAR-32-039,6.73,6.68
C-NAR-32-040,6.57,6.52
C-NAR-32-041,6.80,6.77
C-NAR-32-042,6.74,6.69
C-NAR-32-043,6.62,6.59
C-NAR-32-044,6.68,6.64
C-NAR-32-045,6.51,6.48
C-NAR-32-046,7.26,6.97
C-NAR-32-047,7.19,6.90
C-NAR-32-048,6.79,6.75
C-NAR-32-049,6.75,6.70
C-NAR-32-050,6.84,6.79
C-NAR-32-051,6.77,6.71
C-NAR-32-052,6.93,6.87
C-NAR-32-053,6.95,6.91
C-NAR-32-054,6.54,6.54
C-NAR-32-055,6.62,6.60
C-NAR-32-056,6.80,6.75
C-NAR-32-057,6.86,6.82
C-NAR-32-058,6.85,6.83
C-NAR-32-059,6.76,6.72
C-NAR-32-060,6.92,6.86
C-NAR-32-061,6.48,6.46
C-NAR-32-062,6.67,6.63
C-NAR-32-063,6.75,6.72
C-NAR-32-064,6.56,6.54
C-NAR-32-065,6.58,6.55
C-NAR-32-066,6.65,6.63
C-NAR-32-067,6.73,6.69
C-NAR-32-068,6.69,6.63
C-NAR-32-069,7.27,6.99
C-NAR-32-070,6.86,6.82
C-NAR-32-071,6.86,6.82
C-NAR-32-072,6.71,6.64
C-NAR-32-073,6.59,6.56
C-NAR-32-074,6.76,6.72
C-NAR-32-075,6.84,6.80
C-NAR-32-076,6.97,6.91
C-NAR-32-077,6.77,6.75
C-NAR-32-078,6.94,6.90
C-NAR-32-079,6.60,6.57
C-NAR-32-080,6.60,6.56
C-NAR-32-081,6.63,6.62
C-NAR-32-082,7.01,6.98
C-NAR-32-083,6.56,6.53
C-NAR-32-084,7.25,6.96
C-NAR-32-085,6.79,6.71
C-NAR-32-086,6.95,6.91
C-NAR-32-087,6.98,6.92
C-NAR-32-088,6.95,6.87
C-NAR-32-089,6.85,6.78
C-NAR-32-090,7.10,6.97
C-NAR-32-091,6.62,6.57
C-NAR-32-092,6.63,6.61
C-NAR-32-093,6.70,6.68
C-NAR-32-094,6.81,6.74
C-NAR-32-095,7.00,6.96
C-NAR-32-096,6.67,6.62
C-NAR-32-097,6.76,6.72
C-NAR-33-001,6.68,6.64
C-NAR-33-002,6.84,6.64
C-NAR-33-003,6.57,6.55
C-NAR-33-004,6.86,6.81
C-NAR-33-005,6.67,6.64
C-NAR-33-006,6.86,6.80
C-NAR-33-007,6.58,6.52
C-NAR-33-008,6.58,6.53
C-NAR-33-009,6.67,6.65
C-NAR-33-010,6.63,6.60
C-NAR-33-011,6.66,6.64
C-NAR-33-012,6.73,6.70
C-NAR-33-013,6.59,6.57
C-NAR-33-014,6.68,6.65
C-NAR-33-015,6.57,6.54
C-NAR-33-016,6.60,6.59
C-NAR-33-017,6.46,6.45
C-NAR-33-018,6.57,6.52
C-NAR-33-019,6.63,6.60
C-NAR-33-020,6.63,6.61
C-NAR-33-021,7.27,6.93
C-NAR-33-022,6.72,6.65
C-NAR-33-023,6.82,6.77
C-NAR-33-024,6.59,6.57
C-NAR-33-025,6.55,6.53
C-NAR-33-026,6.81,6.75
C-NAR-33-027,6.73,6.69
C-NAR-33-028,6.76,6.74
C-NAR-33-029,6.58,6.56
C-NAR-33-030,6.71,6.68
C-NAR-33-031,6.60,6.59
C-NAR-33-032,6.60,6.58
C-NAR-33-033,6.75,6.72
C-NAR-33-034,6.80,6.70
C-NAR-33-035,6.82,6.76
C-NAR-33-036,6.75,6.72
C-NAR-33-037,6.70,6.69
C-NAR-33-038,6.61,6.56
C-NAR-33-039,6.84,6.75
C-NAR-33-040,6.61,6.57
C-NAR-33-041,6.59,6.57
C-NAR-33-042,6.72,6.65
C-NAR-33-043,6.79,6.74
C-NAR-33-044,6.61,6.59
C-NAR-33-045,6.56,6.52
C-NAR-33-046,6.75,6.73
C-NAR-33-047,6.77,6.73
C-NAR-33-048,6.56,6.51
C-NAR-33-049,6.70,6.65
C-NAR-33-050,6.61,6.58
C-NAR-33-051,6.95,6.79
C-NAR-33-052,6.72,6.64
C-NAR-33-053,6.79,6.73
C-NAR-33-054,6.80,6.76
C-NAR-33-055,6.67,6.65
C-NAR-33-056,6.92,6.88
C-NAR-33-057,6.65,6.61
C-NAR-33-058,6.63,6.60
C-NAR-33-059,6.68,6.67
C-NAR-33-060,6.68,6.66
C-NAR-33-061,6.74,6.68
C-NAR-33-062,6.75,6.68
C-NAR-33-063,6.63,6.61
C-NAR-33-064,6.83,6.79
C-NAR-33-065,6.58,6.54
C-NAR-33-066,6.64,6.62
C-NAR-33-067,6.72,6.69
C-NAR-33-068,7.18,6.89
C-NAR-33-069,6.51,6.47
C-NAR-33-070,6.62,6.58
C-NAR-33-071,6.67,6.64
C-NAR-33-072,6.66,6.62
C-NAR-33-073,6.73,6.69
C-NAR-33-074,6.63,6.61
C-NAR-33-075,6.84,6.64
C-NAR-33-076,6.63,6.61
C-NAR-33-077,6.52,6.48
C-NAR-33-078,6.75,6.72
C-NAR-33-079,6.58,6.56
C-NAR-33-080,6.66,6.63
C-NAR-33-081,6.84,6.81
C-NAR-33-082,6.75,6.70
C-NAR-33-083,6.64,6.58
C-NAR-33-084,6.61,6.60
C-NAR-33-085,6.62,6.59
C-NAR-33-086,6.75,6.70
C-NAR-33-087,6.89,6.84
C-NAR-33-088,7.12,6.80
C-NAR-33-089,6.60,6.59
C-NAR-33-090,7.01,6.85
C-NAR-33-091,6.57,6.54
C-NAR-33-092,6.82,6.75
C-NAR-33-093,6.83,6.80
C-NAR-33-094,6.63,6.61
C-NAR-33-095,6.74,6.70
C-NAR-33-096,6.61,6.59
C-NAR-33-097,6.80,6.76
C-NAR-33-098,6.61,6.59
C-NAR-33-099,6.84,6.78
C-NAR-34-001,6.65,6.62
C-NAR-34-002,6.64,6.59
C-NAR-34-003,6.65,6.64
C-NAR-34-004,6.74,6.72
C-NAR-34-005,6.79,6.55
C-NAR-34-006,6.77,6.74
C-NAR-34-007,6.73,6.70
C-NAR-34-008,6.68,6.63
C-NAR-34-009,6.74,6.71
C-NAR-34-010,6.65,6.61
C-NAR-34-011,6.72,6.62
C-NAR-34-012,6.68,6.63
C-NAR-34-013,6.66,6.63
C-NAR-34-014,6.69,6.67
C-NAR-34-015,6.56,6.55
C-NAR-34-016,6.52,6.48
C-NAR-34-017,6.66,6.65
C-NAR-34-018,6.66,6.63
C-NAR-34-019,6.59,6.57
C-NAR-34-020,6.69,6.60
C-NAR-34-021,6.76,6.61
C-NAR-34-022,6.66,6.64
C-NAR-34-023,6.74,6.70
C-NAR-34-024,6.71,6.68
C-NAR-34-025,6.56,6.54
C-NAR-34-026,6.54,6.52
C-NAR-34-027,6.73,6.59
C-NAR-34-028,6.67,6.67
C-NAR-34-029,6.64,6.61
C-NAR-34-030,6.61,6.59
C-NAR-34-031,6.59,6.57
C-NAR-34-032,6.57,6.55
C-NAR-34-033,6.68,6.66
C-NAR-34-034,6.80,6.76
C-NAR-34-035,6.66,6.65
C-NAR-34-036,6.53,6.49
C-NAR-34-037,6.65,6.62
C-NAR-34-038,6.65,6.64
C-NAR-34-039,6.67,6.60
C-NAR-34-040,6.70,6.69
C-NAR-34-041,6.56,6.51
C-NAR-34-042,6.65,6.63
C-NAR-34-043,6.74,6.72
C-NAR-34-044,6.57,6.56
C-NAR-34-045,6.72,6.68
C-NAR-34-046,6.80,6.57
C-NAR-34-047,6.66,6.63
C-NAR-34-048,6.67,6.64
C-NAR-34-049,6.54,6.52
C-NAR-34-050,6.71,6.68
C-NAR-34-051,6.64,6.61
C-NAR-34-052,6.61,6.59
C-NAR-34-053,6.56,6.55
C-NAR-34-054,6.61,6.55
C-NAR-34-055,6.69,6.66
C-NAR-34-056,6.68,6.65
C-NAR-34-057,6.71,6.54
C-NAR-34-058,6.77,6.74
C-NAR-34-059,6.69,6.67
C-NAR-34-060,6.62,6.58
C-NAR-34-061,6.66,6.64
C-NAR-34-062,6.62,6.59
C-NAR-34-063,6.57,6.55
C-NAR-34-064,6.67,6.63
C-NAR-34-065,6.68,6.66
C-NAR-34-066,6.56,6.51
C-NAR-34-067,6.77,6.71
C-NAR-34-068,6.53,6.50
C-NAR-34-069,6.66,6.55
C-NAR-34-070,6.67,6.64
C-NAR-34-071,6.65,6.62
C-NAR-34-072,6.59,6.58
C-NAR-34-073,6.77,6.58
C-NAR-34-074,6.62,6.61
C-NAR-34-075,6.63,6.53
C-NAR-34-076,6.65,6.63
C-NAR-34-077,6.70,6.65
C-NAR-34-078,6.66,6.65
C-NAR-34-079,6.58,6.55
C-NAR-34-080,6.87,6.32
C-NAR-34-081,6.54,6.51
C-NAR-34-082,6.72,6.68
C-NAR-34-083,6.70,6.67
C-NAR-34-084,6.87,6.57
C-NAR-35-001,6.54,6.02
C-NAR-35-002,7.73,7.55
C-NAR-35-003,6.86,6.09
C-NAR-35-004,7.90,7.76
C-NAR-35-005,7.98,7.63
C-NAR-35-006,7.89,7.71
C-NAR-35-007,7.89,7.74
C-NAR-35-008,8.33,8.14
C-NAR-35-009,8.35,8.14
C-NAR-35-010,8.14,8.01
C-NAR-35-011,7.35,7.24
C-NAR-35-012,7.56,7.51
C-NAR-35-013,6.79,6.18
C-NAR-35-014,7.60,7.49
C-NAR-35-015,7.48,7.34
C-NAR-35-016,7.26,7.07
C-NAR-35-017,8.14,7.94
C-NAR-35-018,8.21,8.01
C-NAR-35-019,7.84,7.71
C-NAR-35-020,8.23,8.14
C-NAR-35-021,7.89,7.81
C-NAR-35-022,8.02,7.72
C-NAR-35-023,7.73,7.55
C-NAR-35-024,8.18,8.07
C-NAR-35-025,6.87,6.07
C-NAR-35-026,7.78,7.59
C-NAR-35-027,7.21,7.01
C-NAR-35-028,7.43,6.92
C-NAR-35-029,7.43,7.30
C-NAR-35-030,7.48,7.32
C-NAR-35-031,7.90,7.54
C-NAR-35-032,7.92,7.81
C-NAR-35-033,7.87,7.71
C-NAR-35-034,7.58,7.47
C-NAR-35-035,8.16,7.97
C-NAR-35-036,7.51,7.45
C-NAR-35-037,8.14,7.88
C-NAR-35-038,7.24,7.13
C-NAR-35-039,7.74,6.42
E-KOS-05-001,5.48,5.43
E-KOS-05-002,5.40,5.34
E-KOS-05-003,5.39,5.36
E-KOS-05-004,5.45,5.41
E-KOS-05-005,5.42,5.25
E-KOS-05-006,5.50,5.48
E-KOS-05-007,5.47,5.43
E-KOS-05-008,5.35,5.30
E-KOS-05-009,5.37,5.16
E-KOS-05-010,5.40,5.14
E-KOS-05-011,5.50,5.46
E-KOS-05-012,4.86,4.44
E-KOS-05-013,5.58,5.51
E-KOS-05-014,5.57,5.49
E-KOS-05-015,5.49,5.44
E-KOS-05-016,5.39,5.32
E-KOS-05-017,5.34,5.24
E-KOS-05-018,5.53,5.47
E-KOS-05-019,5.42,5.38
E-KOS-05-020,5.50,5.44
E-KOS-05-021,5.38,5.33
E-KOS-05-022,5.45,5.38
E-KOS-05-023,5.37,5.30
E-KOS-05-024,5.54,5.50
E-KOS-05-025,5.41,5.38
E-KOS-05-026,5.37,5.20
E-KOS-05-027,5.35,5.31
E-KOS-05-028,5.03,4.69
E-KOS-05-029,5.50,5.49
E-KOS-05-030,5.33,5.28
E-KOS-05-031,5.47,5.41
E-KOS-05-032,5.52,5.46
E-KOS-05-033,5.56,5.49
E-KOS-05-034,5.14,4.90
E-KOS-05-035,5.38,5.26
E-KOS-05-036,5.50,5.48
E-KOS-05-037,5.22,4.87
E-KOS-05-038,5.21,4.79
E-KOS-05-039,5.31,5.28
E-KOS-05-040,5.47,5.46
E-KOS-05-041,5.51,5.47
E-KOS-05-042,5.45,5.41
E-KOS-05-043,5.51,5.33
E-KOS-05-044,5.54,5.47
E-KOS-05-045,5.25,5.12
E-KOS-05-046,4.54,4.37
E-KOS-05-047,5.51,5.47
E-KOS-05-048,5.35,5.27
E-KOS-05-049,4.34,4.24
E-KOS-05-050,5.42,5.37
E-KOS-05-051,5.37,5.16
E-KOS-05-052,5.49,5.43
E-KOS-05-053,5.35,5.30
E-KOS-05-054,4.45,4.32
E-KOS-05-055,5.55,5.51
E-KOS-05-056,5.55,5.50
E-KOS-05-057,5.49,5.41
E-KOS-05-058,5.46,5.30
E-KOS-05-059,5.42,5.38
E-KOS-05-060,4.58,4.33
E-KOS-05-061,5.55,5.49
E-KOS-05-062,5.48,5.45
E-KOS-05-063,5.50,5.45
E-KOS-05-064,5.29,5.11
E-KOS-05-065,4.50,4.31
E-KOS-05-066,5.04,4.53
E-KOS-06-001,5.63,5.57
E-KOS-06-002,5.66,5.59
E-KOS-06-003,5.64,5.60
E-KOS-06-004,5.63,5.60
E-KOS-06-005,5.75,5.70
E-KOS-06-006,5.66,5.53
E-KOS-06-007,5.72,4.99
E-KOS-06-008,5.76,5.70
E-KOS-06-009,5.63,5.59
E-KOS-06-010,5.59,5.53
E-KOS-06-011,5.70,5.38
E-KOS-06-012,5.78,5.73
E-KOS-06-013,5.10,4.60
E-KOS-06-014,5.62,5.60
E-KOS-06-015,5.66,5.61
E-KOS-06-016,5.72,5.62
E-KOS-06-017,5.70,5.63
E-KOS-06-018,5.44,4.94
E-KOS-06-019,5.73,5.63
E-KOS-06-020,5.57,5.53
E-KOS-06-021,5.72,5.66
E-KOS-06-022,5.71,5.66
E-KOS-06-023,5.53,5.44
E-KOS-06-024,5.71,5.69
E-KOS-06-025,5.83,5.79
E-KOS-06-026,5.75,5.65
E-KOS-06-027,5.57,5.35
E-KOS-06-028,5.74,5.69
E-KOS-06-029,5.72,5.62
E-KOS-06-030,5.56,5.50
E-KOS-06-031,5.78,5.75
E-KOS-06-032,5.60,5.58
E-KOS-06-033,5.68,5.63
E-KOS-06-034,5.80,5.76
E-KOS-06-035,5.69,5.63
E-KOS-06-036,5.82,5.68
E-KOS-06-037,5.78,5.72
E-KOS-06-038,5.60,5.54
E-KOS-06-039,4.99,4.58
E-KOS-06-040,5.83,5.76
E-KOS-06-041,5.85,5.75
E-KOS-06-042,5.62,5.57
E-KOS-06-043,5.61,5.56
E-KOS-06-044,5.70,5.61
E-KOS-06-045,5.74,5.68
E-KOS-06-046,5.63,5.57
E-KOS-06-047,5.69,5.63
E-KOS-06-048,5.59,5.56
E-KOS-06-049,5.69,5.58
E-KOS-06-050,5.60,5.56
E-KOS-06-051,5.85,5.79
E-KOS-06-052,5.62,5.56
E-KOS-06-053,5.90,5.81
E-KOS-07-001,4.83,4.57
E-KOS-07-002,4.65,4.52
E-KOS-07-003,4.69,4.54
E-KOS-07-004,4.41,4.35
E-KOS-07-005,4.64,4.49
E-KOS-07-006,4.57,4.46
E-KOS-07-007,4.62,4.42
E-KOS-07-008,4.46,4.32
E-KOS-07-009,4.62,4.45
E-KOS-07-010,4.89,4.67
E-KOS-07-011,4.88,4.58
E-KOS-07-012,4.58,4.51
E-KOS-07-013,4.55,4.41
E-KOS-07-014,4.60,4.53
E-KOS-07-015,4.64,4.49
E-KOS-07-016,4.43,4.40
E-KOS-07-017,4.90,4.64
E-KOS-07-018,4.80,4.58
E-KOS-07-019,4.78,4.52
E-KOS-07-020,4.76,4.56
E-KOS-07-021,4.55,4.41
E-KOS-07-022,4.54,4.37
E-KOS-07-023,5.02,4.64
E-KOS-07-024,4.77,4.51
E-KOS-07-025,4.58,4.49
E-KOS-07-026,4.51,4.38
E-KOS-07-027,4.51,4.34
E-KOS-07-028,4.71,4.58
E-KOS-07-029,4.67,4.51
E-KOS-07-030,4.59,4.52
E-KOS-07-031,4.70,4.44
E-KOS-07-032,4.39,4.36
E-KOS-07-033,4.59,4.52
E-KOS-07-034,4.77,4.49
E-KOS-07-035,4.61,4.41
E-KOS-07-036,4.56,4.45
E-KOS-08-001,4.50,4.42
E-KOS-08-002,4.46,4.43
E-KOS-08-003,4.70,4.49
E-KOS-08-004,4.41,4.29
E-KOS-08-005,4.63,4.34
E-KOS-08-006,4.53,4.45
E-KOS-08-007,4.59,4.40
E-KOS-08-008,4.46,4.34
E-KOS-08-009,4.51,4.40
E-KOS-08-010,4.48,4.36
E-KOS-08-011,4.53,4.40
E-KOS-08-012,4.44,4.41
E-KOS-08-013,4.55,4.40
E-KOS-08-014,4.53,4.43
E-KOS-08-015,4.60,4.43
E-KOS-08-016,4.63,4.41
E-KOS-08-017,4.63,4.43
E-KOS-08-018,4.65,4.42
E-KOS-08-019,4.53,4.38
E-KOS-08-020,4.58,4.48
E-KOS-08-021,4.48,4.40
E-KOS-08-022,4.64,4.47
E-KOS-08-023,4.47,4.40
E-KOS-08-024,4.72,4.49
E-KOS-08-025,4.59,4.36
E-KOS-08-026,4.66,4.47
E-KOS-08-027,4.54,4.35
E-KOS-08-028,4.57,4.42
E-KOS-08-029,4.45,4.40
E-KOS-08-030,4.58,4.44
E-KOS-08-031,4.60,4.39
E-KOS-08-032,4.65,4.38
E-KOS-09-001,4.87,4.64
E-KOS-09-002,4.83,4.65
E-KOS-09-003,5.15,4.97
E-KOS-09-004,5.19,4.81
E-KOS-09-005,4.86,4.67
E-KOS-09-006,4.82,4.65
E-KOS-09-007,5.00,4.62
E-KOS-09-008,5.21,4.80
E-KOS-09-009,4.98,4.79
E-KOS-09-010,5.24,4.79
E-KOS-09-011,4.87,4.63
E-KOS-09-012,4.97,4.73
E-KOS-09-013,5.36,4.81
E-KOS-09-014,5.03,4.71
E-KOS-09-015,4.65,4.50
E-KOS-09-016,4.88,4.58
E-KOS-09-017,5.51,4.96
E-KOS-09-018,4.79,4.57
E-KOS-09-019,4.88,4.82
E-KOS-09-020,4.97,4.74
E-KOS-09-021,4.64,4.50
E-KOS-09-022,4.92,4.68
E-KOS-09-023,4.70,4.50
E-KOS-09-024,5.04,4.74
E-KOS-09-025,4.93,4.63
E-KOS-09-026,4.80,4.60
E-KOS-09-027,4.71,4.57
E-KOS-09-028,4.78,4.57
E-KOS-09-029,5.15,4.93
E-KOS-09-030,5.29,4.85
E-KOS-09-031,5.03,4.76
E-KOS-09-032,4.69,4.51
E-KOS-09-033,5.20,4.94
E-KOS-09-034,5.16,4.91
E-KOS-10-001,4.87,4.76
E-KOS-10-002,4.92,4.85
E-KOS-10-003,4.88,4.76
E-KOS-10-004,4.88,4.76
E-KOS-10-005,4.88,4.79
E-KOS-10-006,4.91,4.70
E-KOS-10-007,4.90,4.75
E-KOS-10-008,5.37,4.85
E-KOS-10-009,4.86,4.78
E-KOS-10-010,4.97,4.77
E-KOS-10-011,4.99,4.83
E-KOS-10-012,5.02,4.76
E-KOS-10-013,4.84,4.72
E-KOS-10-014,4.91,4.70
E-KOS-10-015,5.09,4.69
E-KOS-10-016,5.04,4.87
E-KOS-10-017,4.99,4.88
E-KOS-10-018,4.96,4.79
E-KOS-10-019,5.18,4.79
E-KOS-10-020,4.87,4.72
E-KOS-10-021,4.91,4.78
E-KOS-10-022,5.28,4.93
E-KOS-10-023,4.89,4.70
E-KOS-10-024,4.90,4.81
E-KOS-10-025,5.07,4.85
E-KOS-10-026,4.81,4.64
E-KOS-10-027,5.02,4.78
E-KOS-10-028,4.74,4.61
E-KOS-10-029,4.88,4.62
E-KOS-10-030,4.89,4.82
E-KOS-10-031,4.90,4.78
E-KOS-10-032,4.72,4.64
E-KOS-10-033,4.91,4.82
E-KOS-10-034,5.10,4.91
E-KOS-10-035,5.03,4.85
E-KOS-10-036,5.09,4.84
E-KOS-10-037,5.02,4.84
E-KOS-10-038,5.15,4.87
E-KOS-10-039,5.03,4.86
E-KOS-10-040,4.91,4.74
E-KOS-10-041,4.95,4.82
E-KOS-10-042,4.94,4.86
E-KOS-10-043,4.98,4.83
E-KOS-10-044,4.89,4.81
E-KOS-10-045,4.94,4.72
E-KOS-10-046,4.78,4.63
E-KOS-10-047,4.82,4.72
E-KOS-10-048,5.10,4.78
E-KOS-10-049,4.88,4.70
E-KOS-10-050,4.80,4.76
E-KOS-10-051,4.76,4.62
E-KOS-10-052,4.86,4.72
E-KOS-10-053,5.04,4.84
E-KOS-10-054,4.76,4.66
E-KOS-10-055,5.34,4.84
E-KOS-10-056,4.81,4.72
E-KOS-10-057,4.84,4.64
E-KOS-10-058,5.07,4.85
E-KOS-10-059,4.82,4.70
E-KOS-10-060,4.93,4.81
E-KOS-10-061,4.92,4.77
E-KOS-10-062,4.94,4.66
E-KOS-10-063,4.90,4.70
E-MEC-01-004,4.51,4.42
E-MEC-01-005,4.60,4.46
E-MEC-01-006,4.60,4.38
E-MEC-01-008,4.68,4.39
E-MEC-01-009,4.53,4.37
E-MEC-01-010,4.61,4.44
E-MEC-01-012,4.46,4.42
E-MEC-01-013,4.75,4.44
E-MEC-01-015,4.50,4.42
E-MEC-01-016,4.51,4.42
E-MEC-01-018,4.44,4.42
E-MEC-01-019,4.51,4.39
E-MEC-01-020,4.45,4.41
E-MEC-01-023,4.89,4.52
E-MEC-01-024,4.48,4.34
E-MEC-01-025,4.62,4.38
E-MEC-01-026,4.89,4.53
E-MEC-01-027,4.93,4.50
E-MEC-01-029,4.97,4.53
E-MEC-01-031,4.53,4.35
E-MEC-01-032,4.67,4.44
E-MEC-01-033,4.58,4.37
E-MEC-01-035,4.69,4.50
E-MEC-01-036,4.59,4.45
E-MEC-01-037,4.77,4.49
E-MEC-01-038,4.57,4.41
E-MEC-01-045,4.31,4.30
E-MEC-01-046,4.73,4.50
E-MEC-01-047,4.48,4.44
E-MEC-01-049,4.34,4.31
E-MEC-02-001,4.56,4.36
E-MEC-02-002,4.43,4.27
E-MEC-02-003,4.33,4.25
E-MEC-02-004,4.55,4.35
E-MEC-02-005,4.40,4.35
E-MEC-02-007,4.46,4.33
E-MEC-02-009,4.51,4.36
E-MEC-02-013,4.43,4.30
E-MEC-02-014,4.42,4.28
E-MEC-02-015,4.47,4.26
E-MEC-02-017,4.72,4.35
E-MEC-02-018,4.47,4.31
E-MEC-02-019,4.46,4.35
E-MEC-02-023,4.50,4.32
E-MEC-02-024,4.38,4.29
E-MEC-02-026,4.28,4.28
E-MEC-02-028,4.38,4.25
E-MEC-02-029,4.47,4.35
E-MEC-02-031,4.44,4.25
E-MEC-02-032,4.71,4.36
E-MEC-02-034,4.41,4.25
E-MEC-02-037,4.31,4.27
E-MEC-02-038,4.50,4.35
E-MEC-02-041,4.60,4.37
E-MEC-03-001,4.34,4.22
E-MEC-03-002,4.70,4.29
E-MEC-03-006,5.09,4.82
E-MEC-03-009,4.32,4.22
E-MEC-03-012,4.36,4.22
E-MEC-03-023,4.43,4.27
E-MEC-03-033,4.34,4.31
E-MEC-03-035,4.55,4.27
E-MEC-03-038,4.83,4.32
E-MEC-04-012,5.28,5.14
E-MEC-04-018,5.26,5.23
E-MEC-04-019,5.27,5.23
E-MEC-04-025,5.26,5.23
E-MEC-04-028,5.30,5.26
E-MEC-04-030,5.32,5.28
E-MEC-04-033,5.29,5.20
E-MEC-04-035,5.31,5.24
E-MEC-04-050,5.26,5.21
E-SAG-11-001,5.56,5.30
E-SAG-11-002,5.78,5.39
E-SAG-11-003,5.93,5.66
E-SAG-11-004,6.06,5.82
E-SAG-11-005,5.67,5.21
E-SAG-11-006,6.03,5.96
E-SAG-11-007,5.75,5.42
E-SAG-11-008,5.62,5.16
E-SAG-11-009,5.36,5.28
E-SAG-11-010,5.63,5.48
E-SAG-11-011,6.01,5.72
E-SAG-11-012,5.85,5.67
E-SAG-11-013,5.36,5.09
E-SAG-11-014,5.64,5.33
E-SAG-11-015,5.68,5.23
E-SAG-11-016,5.58,5.38
E-SAG-11-017,5.44,5.31
E-SAG-11-018,5.99,5.47
E-SAG-11-019,5.78,5.60
E-SAG-11-020,5.85,5.65
E-SAG-11-021,5.60,5.19
E-SAG-11-022,5.46,5.25
E-SAG-11-023,5.44,5.29
E-SAG-11-024,6.09,5.76
E-SAG-11-025,5.44,5.32
E-SAG-11-026,5.32,5.26
E-SAG-11-027,5.45,5.35
E-SAG-11-028,5.51,5.31
E-SAG-11-029,5.69,5.52
E-SAG-11-030,5.67,5.38
E-SAG-11-031,5.38,5.17
E-SAG-11-032,5.86,5.55
E-SAG-11-033,6.05,5.86
E-SAG-11-034,5.58,5.43
E-SAG-12-001,5.53,5.42
E-SAG-12-002,5.46,5.34
E-SAG-12-003,5.93,5.76
E-SAG-12-004,5.61,5.44
E-SAG-12-005,5.71,5.59
E-SAG-12-006,5.57,5.48
E-SAG-12-007,5.40,5.26
E-SAG-12-008,5.95,5.88
E-SAG-12-009,5.77,5.56
E-SAG-12-010,5.98,5.86
E-SAG-12-011,5.65,5.56
E-SAG-12-012,5.45,5.27
E-SAG-12-013,5.93,5.78
E-SAG-12-014,6.06,5.94
E-SAG-12-015,6.28,6.10
E-SAG-12-016,5.96,5.70
E-SAG-12-017,5.74,5.64
E-SAG-12-018,5.69,5.59
E-SAG-12-019,6.04,5.92
E-SAG-12-020,6.11,6.00
E-SAG-12-021,5.92,5.70
E-SAG-12-022,5.54,5.44
E-SAG-12-023,6.13,6.05
E-SAG-12-024,6.15,5.98
E-SAG-12-025,5.42,5.30
E-SAG-12-026,5.76,5.64
E-SAG-12-027,5.70,5.52
E-SAG-12-028,5.62,5.46
E-SAG-12-029,5.58,5.44
E-SAG-12-030,5.40,5.32
E-SAG-12-031,5.88,5.61
E-SAG-12-032,6.35,6.21
E-SAG-12-033,5.72,5.56
E-SAG-12-034,6.27,5.97
E-SAG-12-035,5.98,5.76
E-SAG-12-036,6.34,6.03
E-SAG-12-037,5.41,5.33
E-SAG-12-038,5.82,5.64
E-SAG-12-039,5.74,5.60
E-SAG-12-040,6.21,6.08
E-SAG-12-041,6.09,6.01
E-SAG-12-042,5.53,5.39
E-SAG-12-043,6.06,5.97
E-SAG-12-044,5.54,5.41
E-SAG-12-045,5.54,5.44
E-SAG-12-046,5.52,5.36
E-SAG-12-047,5.92,5.77
E-SAG-12-048,6.32,6.08
E-SAG-12-049,5.83,5.65
E-SAG-12-050,5.32,5.27
E-SAG-12-051,6.32,6.10
E-SAG-12-052,5.59,5.45
E-SAG-12-053,5.72,5.52
E-SAG-12-054,5.40,5.33
E-SAG-12-055,5.67,5.46
E-SAG-12-056,6.31,6.09
E-SAG-13-001,5.25,5.14
E-SAG-13-002,5.29,5.16
E-SAG-13-003,5.42,5.29
E-SAG-13-004,5.02,4.91
E-SAG-13-005,5.59,5.44
E-SAG-13-006,5.54,5.17
E-SAG-13-007,5.10,5.04
E-SAG-13-008,5.20,5.06
E-SAG-13-009,5.06,4.89
E-SAG-13-010,5.05,5.01
E-SAG-13-011,5.11,4.99
E-SAG-13-012,5.50,5.18
E-SAG-13-013,5.61,5.17
E-SAG-13-014,5.05,4.92
E-SAG-13-015,5.08,4.99
E-SAG-13-016,4.97,4.91
E-SAG-13-017,4.98,4.82
E-SAG-13-018,4.96,4.89
E-SAG-13-019,5.57,5.28
E-SAG-13-020,5.03,4.79
E-SAG-13-021,5.12,4.98
E-SAG-13-022,4.94,4.80
E-SAG-13-023,5.36,5.20
E-SAG-13-024,5.28,5.05
E-SAG-13-025,5.64,5.37
E-SAG-13-026,5.10,4.89
E-SAG-13-027,5.06,4.97
E-SAG-13-028,5.31,5.19
E-SAG-13-029,5.52,5.27
E-SAG-13-030,5.46,5.26
E-SAG-13-031,4.96,4.87
E-SAG-13-032,5.34,5.12
E-SAG-13-033,5.08,4.90
E-SAG-13-034,5.18,5.08
E-SAG-13-035,5.35,5.20
E-SAG-13-036,4.83,4.78
E-SAG-13-037,5.21,5.10
E-SAG-13-038,5.16,5.04
E-SAG-13-039,5.32,5.14
E-SAG-13-040,5.28,5.05
E-SAG-13-041,5.01,4.91
E-SAG-13-042,5.02,4.91
E-SAG-13-043,5.23,5.10
E-SAG-13-044,5.12,5.00
E-SAG-13-045,5.36,5.19
E-SAG-13-046,5.12,4.94
E-SAG-13-047,4.94,4.82
E-SAG-13-048,5.30,5.14
E-SAG-13-049,5.29,5.20
E-SAG-13-050,5.29,5.25
E-SAG-13-051,5.04,4.93
E-SAG-13-052,5.00,4.85
E-SAG-13-053,5.24,5.02
E-SAG-13-054,4.97,4.93
E-SAG-13-055,5.19,5.07
E-SAG-13-056,5.19,4.98
E-SAG-13-057,5.14,4.84
E-SAG-13-058,5.20,4.93
E-SAG-13-059,5.30,5.20
E-SAG-13-060,5.27,5.13
E-SAG-13-061,5.27,5.13
E-SAG-13-062,5.19,5.06
E-SAG-13-063,4.97,4.90
E-SAG-13-064,5.28,5.21
E-SAG-13-065,4.97,4.92
E-SAG-13-066,5.35,5.24
E-SAG-13-067,5.30,5.13
E-SAG-13-068,4.86,4.83
E-SAG-13-069,5.03,4.88
E-SAG-13-070,5.14,4.96
E-SAG-13-071,5.34,5.02
E-SAG-13-072,5.02,4.89
E-SAG-13-073,5.07,4.94
E-SAG-13-074,4.98,4.87
E-SAG-13-075,4.92,4.75
E-SAG-13-076,5.20,5.02
E-SAG-14-001,5.13,4.95
E-SAG-14-002,5.23,5.08
E-SAG-14-003,5.28,5.16
E-SAG-14-004,5.39,5.18
E-SAG-14-005,5.36,5.19
E-SAG-14-006,5.77,5.31
E-SAG-14-007,5.76,5.32
E-SAG-14-008,5.10,5.04
E-SAG-14-009,5.18,4.78
E-SAG-14-010,5.28,5.18
E-SAG-14-011,5.83,5.26
E-SAG-14-012,5.60,5.48
E-SAG-14-013,5.31,5.18
E-SAG-14-014,5.25,5.05
E-SAG-14-015,5.21,5.04
E-SAG-14-016,5.80,5.38
E-SAG-14-017,6.30,5.68
E-SAG-14-018,5.24,4.75
E-SAG-14-019,5.14,4.96
E-SAG-14-020,5.15,5.03
E-SAG-14-021,5.59,5.50
E-SAG-14-022,5.33,5.23
E-SAG-14-023,5.54,5.38
E-SAG-14-024,5.21,4.64
E-SAG-14-025,5.26,5.09
E-SAG-14-026,5.42,5.31
E-SAG-14-027,5.80,5.34
E-SAG-14-028,5.13,5.01
E-SAG-14-029,5.21,5.06
E-SAG-14-030,5.68,5.44
E-SAG-14-031,5.37,5.24
E-SAG-14-032,5.17,5.02
E-SAG-14-033,5.62,5.47
E-SAG-14-034,5.16,4.95
E-SAG-14-035,5.67,5.44
E-SAG-14-036,5.85,5.26
E-SAG-14-037,5.22,5.10
E-SAG-14-038,5.87,5.29
E-SAG-14-039,5.48,5.34
E-SAG-14-040,5.47,5.24
E-SAG-14-041,5.81,5.32
E-SAG-14-042,6.40,5.70
E-SAG-14-043,5.92,5.31
E-SAG-14-044,5.74,5.21
E-SAG-14-045,5.66,5.54
E-SAG-15-001,5.91,5.86
E-SAG-15-002,5.98,5.95
E-SAG-15-003,5.80,5.74
E-SAG-15-004,5.91,5.83
E-SAG-15-005,5.74,5.37
E-SAG-15-006,5.84,5.82
E-SAG-15-007,5.98,5.94
E-SAG-15-008,6.01,5.90
E-SAG-15-009,5.90,5.89
E-SAG-15-010,5.91,5.88
E-SAG-15-011,5.78,5.76
E-SAG-15-012,5.89,5.86
E-SAG-15-013,5.92,5.84
E-SAG-15-014,5.85,5.81
E-SAG-15-015,5.82,5.80
E-SAG-15-016,6.08,6.05
E-SAG-15-017,5.91,5.87
E-SAG-15-018,5.81,5.80
E-SAG-15-019,5.82,5.33
E-SAG-15-020,5.88,5.77
E-SAG-15-021,5.99,5.96
E-SAG-15-022,5.87,5.85
E-SAG-15-023,5.89,5.85
E-SAG-15-024,6.03,5.92
E-SAG-15-025,5.87,5.86
E-SAG-15-026,5.93,5.91
E-SAG-15-027,5.94,5.89
E-SAG-15-028,5.81,5.78
E-SAG-15-029,6.15,6.04
E-SAG-15-030,6.06,6.01
E-SAG-15-031,5.88,5.84
E-SAG-15-032,6.04,5.97
E-SAG-15-033,5.57,5.38
E-SAG-15-034,5.67,5.34
E-SAG-15-035,5.87,5.80
E-SAG-15-036,5.77,5.72
E-SAG-15-037,5.97,5.90
E-SAG-15-038,5.86,5.81
E-SAG-15-039,5.80,5.16
E-SAG-15-040,6.07,6.02
E-SAG-15-041,5.96,5.89
E-SAG-15-042,5.89,5.82
E-SAG-15-043,5.74,5.70
E-SAG-15-044,5.85,5.84
E-SAG-15-045,6.09,5.95
E-SAG-15-046,5.80,5.76
E-SAG-15-047,6.14,6.05
E-SAG-15-048,5.87,5.84
E-SAG-15-049,5.93,5.90
E-SAG-15-050,5.87,5.84
E-SAG-15-051,5.74,5.65
E-SAG-15-052,5.91,5.85
E-SAG-15-053,5.66,5.14
E-SAG-15-054,5.97,5.94
E-SAG-15-055,5.83,5.81
E-SAG-15-056,5.83,5.80
E-SAG-15-057,5.94,5.90
E-SAG-15-058,6.06,6.01
E-SAG-15-059,5.94,5.69
E-SAG-15-060,5.76,5.26
E-SAG-15-061,5.71,5.60
E-SAG-15-062,5.91,5.86
E-SAG-15-063,6.02,5.95
E-SAG-15-064,5.90,5.43
E-SAG-15-065,5.80,5.38
E-SAG-15-066,5.87,5.83
E-SAG-15-067,5.89,5.87
E-SAG-15-068,5.88,5.86
E-SAG-15-069,6.15,5.71
E-SAG-15-070,5.89,5.86
E-SAG-15-071,5.87,5.85
E-SAG-15-072,5.73,5.69
E-SAG-15-073,5.81,5.76
E-SAG-15-074,6.14,5.80
E-SAG-15-075,5.86,5.82
E-SAG-15-076,5.77,5.73
E-SAG-15-077,5.94,5.90
E-SAG-15-078,5.92,5.89
E-SAG-15-079,5.88,5.84
E-SAG-15-080,6.12,5.95
E-SAG-15-081,6.11,6.07
E-SAG-15-082,6.00,5.94
E-SAG-15-083,6.09,6.05
E-SAG-15-084,5.82,5.77
E-SAG-15-085,5.93,5.89
E-SAG-15-086,5.92,5.91
E-SAG-15-087,5.82,5.66
E-SAG-15-088,5.85,5.81
E-SAG-15-089,5.95,5.50
E-SAG-15-090,6.12,6.07
E-SAG-15-091,5.99,5.95
E-SAG-15-092,5.93,5.90
E-SAG-15-093,5.76,5.63
E-SAG-15-094,6.01,5.76
E-SAG-15-095,5.79,5.76
E-SAG-15-096,5.78,5.64
E-SAG-15-097,5.86,5.79
E-SAG-15-098,6.06,6.03
E-SAG-15-099,5.86,5.83
E-SAG-15-100,5.92,5.88
E-SAG-15-101,6.07,6.05
E-SAG-15-102,5.80,5.74
E-SAG-15-103,5.75,5.36
E-SAG-15-104,5.88,5.79
E-SAG-15-105,5.86,5.84
E-SAG-15-106,6.04,5.97
E-SAG-15-107,5.90,5.85
E-SAG-15-108,6.10,5.99
E-SAG-15-109,5.77,5.47
E-SAG-15-110,6.06,6.00
E-SAG-15-111,5.80,5.49
E-SAG-15-112,5.73,5.34
E-SAG-15-113,6.12,6.10
E-SAG-15-114,5.86,5.83
E-SAG-15-115,5.78,5.75
E-SAG-15-116,5.92,5.82
E-SAG-16-001,6.37,6.32
E-SAG-16-002,6.55,6.49
E-SAG-16-003,6.24,6.20
E-SAG-16-004,6.26,6.24
E-SAG-16-005,6.31,6.29
E-SAG-16-006,6.15,6.08
E-SAG-16-007,6.69,6.48
E-SAG-16-008,6.35,6.29
E-SAG-16-009,6.29,6.26
E-SAG-16-010,6.10,6.04
E-SAG-16-011,6.51,6.44
E-SAG-16-012,6.25,6.24
E-SAG-16-013,6.26,6.24
E-SAG-16-014,6.13,6.06
E-SAG-16-015,6.13,6.12
E-SAG-16-016,6.17,6.13
E-SAG-16-017,6.22,6.13
E-SAG-16-018,6.16,6.15
E-SAG-16-019,6.65,6.63
E-SAG-16-020,6.35,6.29
E-SAG-16-021,6.63,6.56
E-SAG-16-022,6.05,5.65
E-SAG-16-023,6.17,6.14
E-SAG-16-024,6.35,6.24
E-SAG-16-025,6.23,6.18
E-SAG-16-026,6.32,5.94
E-SAG-16-027,6.57,6.54
E-SAG-16-028,6.66,6.63
E-SAG-16-029,6.29,6.27
E-SAG-16-030,6.08,6.01
E-SAG-16-031,6.08,5.71
E-SAG-16-032,6.49,6.41
E-SAG-16-033,6.25,6.22
E-SAG-16-034,6.33,5.90
E-SAG-16-035,6.28,6.15
E-SAG-16-036,6.17,6.14
E-SAG-16-037,6.32,6.29
E-SAG-16-038,6.66,6.60
E-SAG-16-039,6.05,6.02
E-SAG-16-040,6.15,5.72
E-SAG-16-041,6.37,6.34
E-SAG-16-042,6.40,6.38
E-SAG-16-043,6.14,6.09
E-SAG-16-044,6.28,6.27
E-SAG-16-045,6.18,6.12
E-SAG-16-046,6.12,6.09
E-SAG-16-047,6.59,6.54
E-SAG-16-048,6.33,6.31
E-SAG-16-049,6.20,5.87
E-SAG-16-050,6.29,6.24
E-SAG-16-051,6.29,6.25
E-SAG-16-052,6.29,6.26
E-SAG-16-053,6.24,6.21
E-SAG-16-054,6.50,6.39
E-SAG-16-055,6.67,6.63
E-SAG-16-056,6.66,6.15
E-SAG-16-057,6.26,6.23
E-SAG-16-058,6.37,6.35
E-SAG-16-059,6.34,6.31
E-SAG-16-060,6.27,6.24
E-SAG-16-061,6.36,6.33
E-SAG-16-062,6.34,6.33
E-SAG-16-063,6.17,6.11
E-SAG-16-064,6.19,6.14
E-SAG-16-065,6.37,6.35
E-SAG-16-066,6.38,6.35
E-SAG-16-067,6.25,6.18
E-SAG-16-068,6.44,6.39
E-SAG-16-069,6.14,6.13
E-SAG-16-070,6.27,6.25
E-SAG-16-071,6.22,6.15
E-SAG-16-072,6.38,6.35
E-SAG-16-073,6.55,6.48
E-SAG-16-074,6.24,6.19
E-SAG-16-075,6.46,6.42
E-SAG-16-076,6.59,6.50
E-SAG-16-077,6.23,6.15
E-SAG-16-078,6.65,6.62
E-SAG-16-079,6.25,6.19
E-SAG-16-080,6.13,5.77
E-SAG-16-081,6.16,6.12
E-SAG-16-082,6.31,6.28
E-SAG-16-083,6.24,6.18
E-SAG-16-084,6.12,6.09
E-SAG-16-085,6.20,6.17
E-SAG-16-086,6.30,6.29
E-SAG-16-087,6.16,6.14
E-SAG-16-088,6.53,6.46
E-SAG-16-089,6.43,6.34
E-SAG-16-090,6.47,6.07
E-SAG-16-091,6.57,6.40
E-SAG-16-092,6.13,6.10
E-SAG-16-093,6.37,6.33
E-SAG-16-094,6.46,6.43
E-SAG-16-095,6.61,6.55
E-SAG-16-096,6.30,6.27
E-SAG-16-097,6.46,6.39
E-SAG-16-098,6.15,6.13
E-SAG-16-099,6.44,6.38
E-SAG-16-100,6.19,6.15
E-SAG-16-101,6.17,6.15
E-SAG-16-102,6.23,6.14
E-SAG-16-103,6.36,6.34
E-SAG-16-104,6.27,6.23
E-SAG-16-105,6.28,6.25
E-SAG-16-106,6.50,6.40
E-SAG-16-107,6.29,6.28
E-SAG-16-108,6.29,6.24
F-SET-67-002,3.85,3.77
F-SET-67-003,3.91,3.78
F-SET-67-005,3.87,3.74
F-SET-67-011,3.84,3.77
F-SET-67-013,3.88,3.77
F-SET-67-016,3.91,3.79
F-SET-67-025,3.81,3.75
F-SET-67-026,3.95,3.79
M-BHE-57-003,4.86,4.81
M-BHE-57-005,4.93,4.29
M-BHE-57-008,4.88,4.83
M-BHE-57-010,4.84,4.17
M-BHE-57-011,4.06,3.94
M-BHE-57-013,4.98,4.65
M-BHE-57-015,4.93,4.88
M-BHE-57-018,4.85,4.56
M-BHE-57-019,4.77,4.61
M-BHE-57-020,4.93,4.28
M-BHE-57-021,4.97,4.56
M-BHE-57-024,4.77,4.23
M-BHE-57-025,4.72,4.28
M-BHE-57-026,4.91,4.54
M-BHE-57-027,4.83,4.35
M-BHE-57-029,4.98,4.56
M-BHE-57-030,4.78,4.54
M-BHE-57-031,4.39,4.08
M-BHE-57-034,4.96,4.57
M-BHE-57-039,4.53,4.39
M-BHE-58-004,3.98,3.92
M-BHE-58-033,3.94,3.91
M-BHE-59-001,4.10,3.96
M-BHE-59-002,4.05,3.91
M-BHE-59-004,4.06,3.95
M-BHE-59-010,4.16,3.97
M-BHE-59-011,4.23,4.00
M-BHE-59-012,3.99,3.93
M-BHE-59-013,4.31,3.98
M-BHE-59-014,3.99,3.95
M-BHE-59-016,3.95,3.88
M-BHE-59-018,4.04,3.95
M-BHE-59-019,4.13,3.97
M-BHE-59-020,4.40,3.98
M-BHE-59-024,3.98,3.92
M-BHE-59-025,4.14,3.99
M-BHE-59-026,4.08,3.96
M-BHE-59-027,4.01,3.93
M-BHE-59-031,4.31,3.99
M-BHE-59-034,4.32,4.01
M-BHE-59-035,4.01,3.96
M-BHE-59-036,4.02,3.91
M-BHE-59-037,4.32,4.05
M-BHE-59-038,3.99,3.91
M-BHE-59-039,3.99,3.90
M-BHE-59-041,4.06,3.93
M-BHE-59-042,4.17,4.00
M-BHE-59-043,4.18,4.05
M-BHE-59-044,3.96,3.91
M-BHE-59-045,3.87,3.84
M-BHE-59-046,4.09,3.97
M-BHE-59-048,4.08,3.90
M-BHE-60-001,4.04,3.89
M-BHE-60-003,3.92,3.86
M-BHE-60-005,3.93,3.83
M-BHE-60-008,3.90,3.89
M-BHE-60-009,3.91,3.84
M-BHE-60-010,3.97,3.88
M-BHE-60-013,3.93,3.86
M-BHE-60-014,3.89,3.87
M-BHE-60-018,3.87,3.85
M-BHE-60-019,3.96,3.89
M-BHE-60-022,3.92,3.86
M-BHE-60-023,3.90,3.82
M-BHE-60-024,3.94,3.88
M-BHE-60-026,3.93,3.87
M-BHE-60-029,3.91,3.86
M-BHE-60-030,4.06,3.91
M-BHE-60-034,3.98,3.89
M-BHE-60-035,3.96,3.88
M-BHE-60-038,3.91,3.85
M-BHE-60-039,3.94,3.85
M-BHE-60-041,3.95,3.89
M-BHE-60-042,3.96,3.88
M-BHE-60-046,3.90,3.83
M-BHE-60-048,3.94,3.88
M-BHE-60-049,3.96,3.86
M-BHE-60-055,3.99,3.87
M-BHE-61-001,4.02,3.94
M-BHE-61-002,4.09,4.02
M-BHE-61-003,4.16,4.00
M-BHE-61-004,3.96,3.89
M-BHE-61-005,4.07,3.99
M-BHE-61-006,4.05,3.94
M-BHE-61-007,4.15,3.98
M-BHE-61-008,4.04,3.91
M-BHE-61-009,4.28,4.07
M-BHE-61-010,4.11,3.96
M-BHE-61-011,4.09,3.93
M-BHE-61-012,4.06,3.96
M-BHE-61-013,4.09,4.00
M-BHE-61-014,4.12,4.00
M-BHE-61-015,3.98,3.90
M-BHE-61-016,4.04,3.98
M-BHE-61-017,3.97,3.89
M-BHE-61-018,4.27,3.97
M-BHE-61-019,4.03,3.93
M-BHE-61-020,4.09,3.95
M-BHE-61-021,4.11,3.96
M-BHE-61-022,4.10,4.01
M-BHE-61-023,3.99,3.96
M-BHE-61-024,4.08,3.94
M-BHE-61-025,4.09,3.99
M-BHE-61-026,4.00,3.91
M-BHE-61-027,4.05,3.94
M-BHE-61-028,3.95,3.92
M-BHE-61-029,3.99,3.93
M-BHE-61-030,3.98,3.90
M-KAR-62-001,4.74,4.10
M-KAR-62-002,5.07,4.58
M-KAR-62-003,4.75,4.32
M-KAR-62-004,4.31,4.17
M-KAR-62-005,4.17,4.11
M-KAR-62-006,4.71,4.09
M-KAR-62-007,4.23,4.05
M-KAR-62-008,4.71,4.23
M-KAR-62-009,4.21,4.06
M-KAR-62-010,4.17,4.07
M-KAR-62-011,4.32,4.14
M-KAR-62-012,4.98,4.43
M-KAR-62-013,4.09,4.03
M-KAR-62-014,4.16,4.08
M-KAR-62-015,4.64,4.14
M-KAR-62-016,4.38,4.17
M-KAR-62-017,4.08,4.01
M-KAR-62-018,4.85,4.31
M-KAR-62-019,4.73,4.24
M-KAR-62-020,4.07,3.99
M-KAR-62-021,4.20,4.09
M-KAR-62-022,4.86,4.38
M-KAR-62-023,4.26,4.12
M-KAR-63-001,3.94,3.85
M-KAR-63-002,3.91,3.85
M-KAR-63-003,3.98,3.89
M-KAR-63-004,4.08,3.92
M-KAR-63-005,4.02,3.95
M-KAR-63-006,4.04,3.92
M-KAR-63-007,4.05,3.88
M-KAR-63-008,4.08,3.95
M-KAR-63-009,4.08,3.96
M-KAR-63-010,3.99,3.87
M-KAR-63-011,4.26,3.99
M-KAR-63-012,4.31,3.96
M-KAR-63-013,4.04,3.87
M-KAR-63-014,3.98,3.87
M-KAR-63-015,4.03,3.92
M-KAR-63-016,4.00,3.89
M-KAR-63-017,4.06,3.91
M-KAR-63-018,4.08,3.93
M-KAR-63-019,4.05,3.86
M-KAR-63-020,3.99,3.92
M-KAR-63-021,4.01,3.87
M-KAR-63-022,3.97,3.89
M-KAR-63-023,3.97,3.88
M-KAR-63-024,4.04,3.86
M-KAR-63-025,4.13,3.98
M-KAR-63-026,4.03,3.93
M-KAR-63-027,3.99,3.91
M-KAR-63-028,4.06,3.91
M-KAR-63-029,4.01,3.92
M-KAR-63-030,4.01,3.91
M-KAR-64-001,3.84,3.81
M-KAR-64-002,3.92,3.82
M-KAR-64-003,4.03,3.88
M-KAR-64-004,3.82,3.79
M-KAR-64-005,3.97,3.81
M-KAR-64-006,3.86,3.81
M-KAR-64-007,3.91,3.82
M-KAR-64-008,4.00,3.82
M-KAR-64-018,3.84,3.78
M-KAR-64-019,4.07,3.89
M-KAR-64-020,3.90,3.81
M-KAR-64-021,3.92,3.83
M-KAR-64-023,3.91,3.80
M-KAR-64-024,3.92,3.85
M-KAR-64-030,3.93,3.81
M-KAR-65-001,3.84,3.79
M-KAR-65-002,3.83,3.77
M-KAR-65-003,4.37,4.01
M-KAR-65-004,3.89,3.81
M-KAR-65-005,3.82,3.77
M-KAR-65-006,3.89,3.82
M-KAR-65-007,4.05,3.90
M-KAR-65-008,4.02,3.95
M-KAR-65-009,3.92,3.83
M-KAR-65-010,4.06,3.89
M-KAR-65-011,4.20,3.95
M-KAR-65-012,3.81,3.79
M-KAR-65-013,3.93,3.81
M-KAR-65-014,4.09,3.88
M-KAR-65-015,4.08,3.93
M-KAR-65-016,4.15,3.88
M-KAR-65-017,3.87,3.80
M-KAR-65-018,4.06,3.89
M-KAR-65-019,3.97,3.86
M-KAR-65-020,3.87,3.79
M-KAR-65-021,4.00,3.85
M-KAR-65-022,3.88,3.80
M-KAR-65-023,4.04,3.86
M-KAR-65-024,3.92,3.79
M-KAR-66-001,3.80,3.76
M-KAR-66-002,3.80,3.73
M-KAR-66-003,3.85,3.74
M-KAR-66-004,3.85,3.71
M-KAR-66-005,4.00,3.85
M-KAR-66-006,3.83,3.78
M-KAR-66-007,3.87,3.73
M-KAR-66-008,3.86,3.79
M-KAR-66-009,3.84,3.75
M-KAR-66-010,3.86,3.72
M-KAR-66-011,4.09,3.79
M-KAR-66-012,3.86,3.76
M-KAR-66-013,3.99,3.73
M-KAR-66-014,3.84,3.76
M-KAR-66-015,3.84,3.74
M-KAR-66-016,3.83,3.79
M-KAR-66-017,4.22,3.87
M-KAR-66-019,3.87,3.74
M-KAR-66-020,3.87,3.77
M-KAR-66-021,3.93,3.77
M-KAR-66-022,3.82,3.77
M-KAR-66-023,4.11,3.85
M-KAR-66-024,3.84,3.77
M-KAR-66-025,3.82,3.73
M-KAR-66-026,3.88,3.72
M-KAR-66-027,3.97,3.76
M-RAP-52-001,4.61,4.49
M-RAP-52-002,4.67,4.56
M-RAP-52-003,4.90,4.59
M-RAP-52-004,4.57,4.45
M-RAP-52-005,4.55,4.42
M-RAP-52-006,4.50,4.33
M-RAP-52-007,4.41,4.25
M-RAP-52-008,4.59,4.45
M-RAP-52-009,4.63,4.50
M-RAP-52-010,4.67,4.52
M-RAP-52-011,4.67,4.52
M-RAP-52-012,4.54,4.39
M-RAP-52-013,4.55,4.37
M-RAP-52-014,4.68,4.50
M-RAP-52-015,4.65,4.49
M-RAP-52-016,4.51,4.41
M-RAP-52-017,4.46,4.31
M-RAP-52-018,4.50,4.39
M-RAP-52-019,4.52,4.40
M-RAP-52-020,4.42,4.29
M-RAP-52-021,4.62,4.47
M-RAP-52-022,4.46,4.38
M-RAP-52-023,4.62,4.48
M-RAP-52-024,4.67,4.44
M-RAP-52-025,4.58,4.52
M-RAP-52-026,4.38,4.26
M-RAP-52-027,4.60,4.40
M-RAP-52-028,4.56,4.44
M-RAP-52-029,4.59,4.45
M-RAP-52-030,4.45,4.37
M-RAP-52-031,4.51,4.45
M-RAP-52-032,4.44,4.35
M-RAP-52-033,4.62,4.52
M-RAP-52-034,4.46,4.38
M-RAP-52-035,4.68,4.50
M-RAP-52-036,4.64,4.43
M-RAP-52-037,4.46,4.38
M-RAP-52-038,4.59,4.45
M-RAP-52-039,4.57,4.48
M-RAP-52-040,4.56,4.46
M-RAP-52-041,4.44,4.35
M-RAP-52-042,4.72,4.49
M-RAP-52-043,4.54,4.33
M-RAP-52-044,4.44,4.27
M-RAP-52-045,4.58,4.39
M-RAP-52-046,4.56,4.36
M-RAP-52-047,4.53,4.45
M-RAP-52-048,4.55,4.49
M-RAP-52-049,4.66,4.53
M-RAP-53-001,4.50,4.34
M-RAP-53-002,4.33,4.18
M-RAP-53-003,4.44,4.21
M-RAP-53-004,4.41,4.16
M-RAP-53-005,4.51,4.24
M-RAP-53-006,4.50,4.17
M-RAP-53-007,4.44,4.20
M-RAP-53-008,4.42,4.16
M-RAP-53-009,4.52,4.27
M-RAP-53-010,4.47,4.34
M-RAP-53-011,4.50,4.24
M-RAP-53-012,4.50,4.25
M-RAP-53-013,4.24,4.14
M-RAP-53-014,4.51,4.26
M-RAP-53-015,4.52,4.31
M-RAP-53-016,4.54,4.32
M-RAP-53-017,4.54,4.26
M-RAP-53-018,4.42,4.29
M-RAP-53-019,4.40,4.18
M-RAP-53-020,4.37,4.24
M-RAP-53-021,4.34,4.22
M-RAP-53-022,4.37,4.17
M-RAP-53-023,4.39,4.13
M-RAP-53-024,4.37,4.15
M-RAP-53-025,4.46,4.19
M-RAP-53-026,4.38,4.20
M-RAP-53-027,4.38,4.25
M-RAP-53-028,4.28,4.15
M-RAP-53-029,4.32,4.17
M-RAP-53-030,4.41,4.18
M-RAP-53-031,4.39,4.19
M-RAP-53-032,4.53,4.28
M-RAP-53-033,4.50,4.26
M-RAP-53-034,4.58,4.24
M-RAP-53-035,4.22,4.13
M-RAP-53-036,4.53,4.20
M-RAP-53-037,4.59,4.37
M-RAP-53-038,4.47,4.16
M-RAP-53-039,4.38,4.20
M-RAP-53-040,4.43,4.17
M-RAP-53-041,4.29,4.22
M-RAP-53-042,4.48,4.29
M-RAP-53-043,4.47,4.33
M-RAP-53-044,4.63,4.34
M-RAP-53-045,4.33,4.14
M-RAP-53-046,4.43,4.30
M-RAP-53-047,4.42,4.21
M-RAP-53-048,4.41,4.26
M-RAP-53-049,4.53,4.36
M-RAP-53-050,4.42,4.19
M-RAP-53-051,4.43,4.16
M-RAP-54-001,4.09,4.02
M-RAP-54-002,4.08,4.02
M-RAP-54-003,4.20,4.07
M-RAP-54-004,4.34,4.07
M-RAP-54-005,4.22,4.12
M-RAP-54-006,4.42,4.11
M-RAP-54-007,4.17,4.08
M-RAP-54-008,4.21,4.10
M-RAP-54-009,4.30,4.16
M-RAP-54-010,4.07,4.03
M-RAP-54-011,4.10,4.02
M-RAP-54-012,4.16,4.05
M-RAP-54-013,4.07,4.01
M-RAP-54-014,4.49,4.24
M-RAP-54-015,4.34,4.14
M-RAP-54-016,4.20,4.06
M-RAP-54-017,4.25,4.14
M-RAP-54-018,4.47,4.26
M-RAP-54-019,4.21,4.11
M-RAP-54-020,4.17,4.05
M-RAP-54-021,4.30,4.19
M-RAP-54-022,4.20,4.08
M-RAP-54-023,4.13,4.03
M-RAP-54-024,4.36,4.17
M-RAP-54-025,4.38,4.18
M-RAP-54-026,4.30,4.16
M-RAP-54-027,4.32,4.10
M-RAP-54-028,4.27,4.10
M-RAP-54-029,4.24,4.09
M-RAP-54-030,4.24,4.11
M-RAP-54-031,4.11,4.02
M-RAP-54-032,4.20,4.11
M-RAP-54-033,4.29,4.13
M-RAP-54-034,4.30,4.15
M-RAP-54-035,4.67,4.27
M-RAP-54-036,4.18,4.09
M-RAP-54-037,4.23,4.11
M-RAP-54-038,4.12,4.04
M-RAP-54-039,4.28,4.10
M-RAP-54-040,4.28,4.12
M-RAP-54-041,4.20,4.06
M-RAP-54-042,4.19,4.08
M-RAP-54-043,4.54,4.26
M-RAP-55-001,4.13,4.05
M-RAP-55-002,4.71,4.25
M-RAP-55-003,4.18,4.10
M-RAP-55-004,4.15,3.99
M-RAP-55-005,4.26,4.12
M-RAP-55-006,4.07,4.01
M-RAP-55-007,4.19,4.08
M-RAP-55-008,4.30,4.10
M-RAP-55-009,4.26,4.10
M-RAP-55-010,4.32,4.15
M-RAP-55-011,4.30,4.03
M-RAP-55-012,4.41,4.16
M-RAP-55-013,4.10,4.00
M-RAP-55-014,4.23,4.12
M-RAP-55-015,4.12,4.05
M-RAP-55-016,4.14,4.02
M-RAP-55-017,4.10,3.96
M-RAP-55-018,4.16,4.04
M-RAP-55-019,4.24,4.06
M-RAP-55-020,4.08,3.99
M-RAP-55-021,4.25,4.04
M-RAP-55-022,4.24,4.07
M-RAP-55-023,4.21,4.03
M-RAP-55-024,4.17,4.09
M-RAP-55-025,4.19,4.08
M-RAP-55-026,4.38,4.17
M-RAP-55-027,4.25,4.14
M-RAP-55-028,4.06,3.99
M-RAP-55-029,4.12,4.02
M-RAP-55-030,4.15,4.08
M-RAP-55-031,4.07,3.96
M-RAP-55-032,4.07,4.01
M-RAP-55-033,4.12,4.02
M-RAP-55-034,4.12,4.01
M-RAP-55-035,4.06,3.98
M-RAP-55-036,4.19,4.05
M-RAP-55-037,4.32,4.17
M-RAP-55-038,4.40,4.19
M-RAP-55-039,4.14,4.08
M-RAP-55-040,4.33,4.13
M-RAP-55-041,4.44,4.24
M-RAP-55-042,4.18,4.04
M-RAP-55-043,4.45,4.16
M-RAP-55-044,4.22,4.06
M-RAP-55-045,4.23,4.10
M-RAP-55-046,4.43,4.20
M-RAP-55-047,4.21,4.12
M-RAP-56-001,4.56,4.17
M-RAP-56-002,5.04,4.37
M-RAP-56-003,4.92,4.48
M-RAP-56-004,5.36,4.90
M-RAP-56-005,4.66,4.43
M-RAP-56-006,4.87,4.28
M-RAP-56-007,5.05,4.93
M-RAP-56-008,4.97,4.61
M-RAP-56-009,5.29,4.62
M-RAP-56-010,5.36,4.73
M-RAP-56-011,5.06,4.49
M-RAP-56-012,4.49,4.09
M-RAP-56-013,4.81,4.32
M-RAP-56-014,4.58,4.38
M-RAP-56-015,4.88,4.43
M-RAP-56-016,4.81,4.59
M-RAP-56-017,4.42,4.27
M-RAP-56-018,4.75,4.29
M-RAP-56-019,5.37,4.72
M-RAP-56-020,4.95,4.43
M-RAP-56-021,4.49,4.32
M-RAP-56-022,5.00,4.91
M-RAP-56-023,5.13,4.90
M-RAP-56-024,4.59,4.14
M-RAP-56-025,4.78,4.33
M-RAP-56-026,4.57,4.26
M-RAP-56-027,4.46,4.15
M-RAP-56-028,5.10,4.22
M-RAP-56-029,4.88,4.38
M-RAP-56-030,4.41,4.23
M-RAP-56-031,5.20,4.48
M-RAP-56-032,5.12,4.80
M-RAP-56-033,4.72,4.27
M-RAP-56-034,4.77,4.51
M-RAP-56-035,5.40,4.81
M-RAP-56-036,5.36,4.72
M-RAP-56-037,4.40,4.28
M-RAP-56-038,4.97,4.81
M-RAP-56-039,4.99,4.66
M-RAP-56-040,4.81,4.31
M-RAP-56-041,4.92,4.68
W-DHA-42-001,5.19,4.82
W-DHA-42-002,5.46,4.91
W-DHA-42-003,5.40,4.97
W-DHA-42-004,5.24,4.84
W-DHA-42-005,5.09,4.82
W-DHA-42-006,5.02,4.91
W-DHA-42-007,5.00,4.82
W-DHA-42-008,5.06,4.72
W-DHA-42-009,4.84,4.70
W-DHA-42-010,4.97,4.79
W-DHA-42-011,4.88,4.75
W-DHA-42-012,5.26,4.82
W-DHA-42-013,4.87,4.72
W-DHA-42-014,4.99,4.90
W-DHA-42-015,5.73,5.04
W-DHA-42-016,5.15,4.75
W-DHA-43-001,4.95,4.74
W-DHA-43-002,4.97,4.87
W-DHA-43-003,4.91,4.79
W-DHA-43-004,4.93,4.82
W-DHA-43-005,4.93,4.76
W-DHA-43-006,4.87,4.80
W-DHA-43-007,4.86,4.68
W-DHA-43-008,4.97,4.75
W-DHA-43-009,4.86,4.78
W-DHA-43-010,4.90,4.79
W-DHA-43-011,4.85,4.72
W-DHA-43-012,4.74,4.62
W-DHA-43-013,4.92,4.80
W-DHA-43-014,5.01,4.88
W-DHA-43-015,5.02,4.48
W-DHA-43-016,5.02,4.89
W-DHA-43-017,4.80,4.74
W-DHA-43-018,4.87,4.83
W-DHA-43-019,4.85,4.73
W-DHA-43-020,5.15,4.72
W-DHA-43-021,4.75,4.56
W-DHA-43-022,4.78,4.67
W-DHA-43-023,4.77,4.65
W-DHA-43-024,5.04,4.60
W-DHA-43-025,4.67,4.57
W-DHA-43-026,5.37,4.90
W-DHA-43-027,4.93,4.71
W-DHA-43-028,4.88,4.64
W-DHA-43-029,4.94,4.75
W-DHA-43-030,4.79,4.78
W-DHA-43-031,4.93,4.81
W-DHA-43-032,4.97,4.84
W-DHA-43-033,4.87,4.81
W-DHA-43-034,5.12,4.93
W-DHA-43-035,4.93,4.87
W-DHA-43-036,4.90,4.65
W-DHA-43-037,5.14,4.92
W-DHA-43-038,4.81,4.77
W-DHA-43-039,4.76,4.65
W-DHA-43-040,5.01,4.82
W-DHA-44-001,5.24,5.15
W-DHA-44-002,5.09,5.02
W-DHA-44-003,5.13,5.07
W-DHA-44-004,5.22,5.04
W-DHA-44-005,5.13,5.08
W-DHA-44-006,5.01,4.96
W-DHA-44-007,4.91,4.85
W-DHA-44-008,5.28,5.15
W-DHA-44-009,5.17,5.11
W-DHA-44-010,5.18,5.06
W-DHA-44-011,5.23,5.17
W-DHA-44-012,5.14,5.00
W-DHA-44-013,5.14,5.04
W-DHA-44-014,5.14,5.04
W-DHA-44-015,5.39,5.18
W-DHA-44-016,5.24,5.12
W-DHA-44-017,5.41,5.14
W-DHA-44-018,5.26,5.12
W-DHA-44-019,5.13,5.00
W-DHA-44-020,4.98,4.91
W-DHA-44-021,5.11,5.04
W-DHA-44-022,5.14,5.10
W-DHA-44-023,5.36,5.24
W-DHA-44-024,5.43,5.30
W-DHA-44-025,5.19,5.05
W-DHA-44-026,5.23,5.13
W-DHA-44-027,5.24,5.16
W-DHA-44-028,5.33,5.17
W-DHA-44-029,5.30,5.20
W-DHA-44-030,5.09,4.99
W-DHA-44-031,5.17,5.05
W-DHA-44-032,5.10,4.99
W-DHA-44-033,5.02,4.90
W-DHA-44-034,5.31,5.13
W-DHA-44-035,5.14,5.08
W-DHA-44-036,4.95,4.87
W-DHA-44-037,5.31,5.12
W-DHA-44-038,5.26,5.01
W-DHA-44-039,5.22,5.12
W-DHA-44-040,5.18,5.10
W-DHA-44-041,5.21,5.03
W-DHA-44-042,5.09,5.02
W-DHA-44-043,5.15,5.09
W-DHA-44-044,5.23,5.10
W-DHA-44-045,5.02,4.90
W-DHA-44-046,5.30,5.17
W-DHA-44-047,5.28,5.19
W-DHA-44-048,5.43,5.20
W-DHA-44-049,5.23,5.15
W-DHA-44-050,5.17,5.06
W-DHA-44-051,5.27,5.16
W-DHA-44-052,5.30,5.16
W-DHA-44-053,5.29,5.15
W-DHA-44-054,5.22,5.14
W-DHA-44-055,5.28,5.06
W-DHA-45-001,4.66,4.48
W-DHA-45-002,5.14,4.99
W-DHA-45-003,5.00,4.82
W-DHA-45-004,4.95,4.81
W-DHA-45-005,5.08,5.02
W-DHA-45-006,5.04,4.89
W-DHA-45-007,5.04,4.94
W-DHA-45-008,5.00,4.86
W-DHA-45-009,4.71,4.59
W-DHA-45-010,4.99,4.87
W-DHA-45-011,5.24,5.03
W-DHA-45-012,4.61,4.46
W-DHA-45-013,4.75,4.55
W-DHA-45-014,4.76,4.42
W-DHA-45-015,4.70,4.57
W-DHA-45-016,5.08,4.97
W-DHA-45-017,4.80,4.67
W-DHA-45-018,5.10,4.95
W-DHA-45-019,4.68,4.55
W-DHA-45-020,4.67,4.50
W-DHA-45-021,4.98,4.86
W-DHA-45-022,5.04,4.86
W-DHA-45-023,5.14,5.00
W-DHA-45-024,5.19,4.96
W-DHA-45-025,4.86,4.65
W-DHA-45-026,5.03,4.80
W-DHA-45-027,4.96,4.81
W-DHA-45-028,4.84,4.72
W-DHA-45-029,5.17,4.91
W-DHA-45-030,4.82,4.65
W-DHA-45-031,5.14,4.92
W-DHA-45-032,4.86,4.76
W-DHA-45-033,4.79,4.59
W-DHA-45-034,5.21,4.97
W-DHA-45-035,4.88,4.84
W-DHA-45-036,4.91,4.86
W-DHA-45-037,4.83,4.74
W-DHA-45-038,5.24,5.13
W-DHA-45-039,5.08,4.90
W-DHA-45-040,4.52,4.37
W-DHA-45-041,5.08,4.96
W-DHA-45-042,5.06,4.93
W-DHA-45-043,5.05,4.93
W-DHA-45-044,4.83,4.69
W-DHA-45-045,4.65,4.55
W-DHA-45-046,4.80,4.67
W-DHA-45-047,5.02,4.96
W-DHA-45-048,4.95,4.90
W-DHA-45-049,4.99,4.87
W-DHA-45-050,4.84,4.76
W-DHA-45-051,4.94,4.85
W-DHA-45-052,5.10,5.01
W-DHA-45-053,4.98,4.89
W-DHA-45-054,4.85,4.69
W-DHA-45-055,4.91,4.82
W-DHA-45-056,4.79,4.55
W-DHA-45-057,4.85,4.62
W-DHA-45-058,4.91,4.82
W-DHA-45-059,4.98,4.75
W-DHA-45-060,4.94,4.89
W-GAN-36-001,7.79,7.56
W-GAN-36-002,7.86,7.62
W-GAN-36-003,7.91,7.72
W-GAN-36-004,7.87,7.80
W-GAN-36-005,7.94,7.81
W-GAN-36-006,7.88,7.82
W-GAN-36-007,8.12,7.94
W-GAN-36-008,8.11,7.89
W-GAN-36-009,8.11,7.97
W-GAN-36-010,7.16,6.80
W-GAN-36-011,8.01,7.87
W-GAN-36-012,8.14,7.94
W-GAN-36-013,6.67,6.37
W-GAN-36-014,7.99,7.80
W-GAN-36-015,7.14,6.72
W-GAN-36-016,7.86,7.67
W-GAN-36-017,7.96,7.90
W-GAN-36-018,8.12,7.96
W-GAN-36-019,7.92,7.85
W-GAN-36-020,7.95,7.83
W-GAN-36-021,7.94,7.79
W-GAN-36-022,7.96,7.89
W-GAN-36-023,7.79,7.65
W-GAN-36-024,7.86,7.73
W-GAN-36-025,8.01,7.89
W-GAN-36-026,7.54,7.36
W-GAN-36-027,8.11,7.98
W-GAN-36-028,7.46,7.36
W-GAN-36-029,7.61,7.56
W-GAN-36-030,7.76,7.58
W-GAN-36-031,7.75,7.65
W-GAN-36-032,7.50,7.37
W-GAN-36-033,7.63,7.57
W-GAN-36-034,7.45,7.12
W-GAN-36-035,7.58,7.39
W-GAN-36-036,8.04,7.82
W-GAN-36-037,7.50,7.40
W-GAN-36-038,7.47,7.43
W-GAN-36-039,6.94,6.61
W-GAN-36-040,7.99,7.95
W-GAN-36-041,8.16,8.02
W-GAN-36-042,7.55,7.43
W-GAN-36-043,7.96,7.85
W-GAN-36-044,7.72,7.64
W-GAN-36-045,7.94,7.87
W-GAN-36-046,7.91,7.77
W-GAN-36-047,7.81,7.62
W-GAN-36-048,7.84,7.74
W-GAN-36-049,7.97,7.86
W-GAN-36-050,8.18,7.98
W-GAN-36-051,7.16,6.89
W-GAN-36-052,6.68,6.15
W-GAN-36-053,7.74,7.57
W-GAN-36-054,7.85,7.68
W-GAN-36-055,7.64,7.56
W-GAN-36-056,7.30,7.18
W-GAN-36-057,7.71,7.59
W-GAN-36-058,8.02,7.93
W-GAN-36-059,7.88,7.78
W-GAN-36-060,7.82,7.73
W-GAN-36-061,7.92,7.85
W-GAN-36-062,8.03,7.91
W-GAN-36-063,7.86,7.76
W-GAN-36-064,7.78,7.60
W-GAN-36-065,7.57,7.49
W-GAN-36-066,7.43,7.29
W-GAN-36-067,7.55,7.42
W-GAN-37-001,7.16,6.99
W-GAN-37-002,6.44,6.28
W-GAN-37-003,6.54,6.37
W-GAN-37-004,6.27,6.15
W-GAN-37-005,6.29,6.20
W-GAN-37-006,6.60,6.49
W-GAN-37-007,6.41,6.29
W-GAN-37-008,7.58,7.35
W-GAN-37-009,7.29,7.04
W-GAN-37-010,6.02,5.90
W-GAN-37-011,6.30,6.19
W-GAN-37-012,6.99,6.81
W-GAN-37-013,5.98,5.75
W-GAN-37-014,6.69,6.44
W-GAN-37-015,7.52,7.30
W-GAN-37-016,7.61,7.37
W-GAN-37-017,6.40,6.23
W-GAN-37-018,6.81,6.47
W-GAN-37-019,6.90,6.65
W-GAN-37-020,7.57,7.29
W-GAN-37-021,7.25,6.91
W-GAN-37-022,6.70,6.45
W-GAN-37-023,7.59,7.21
W-GAN-37-024,6.88,6.71
W-GAN-37-025,7.09,6.76
W-GAN-37-026,7.33,7.08
W-GAN-37-027,6.61,6.39
W-GAN-37-028,6.09,5.89
W-GAN-37-029,6.30,6.08
W-GAN-37-030,6.06,6.02
W-GAN-37-031,6.65,6.51
W-GAN-37-032,7.57,7.30
W-GAN-37-033,6.23,6.13
W-GAN-37-034,6.51,6.35
W-GAN-37-035,6.20,6.02
W-GAN-37-036,6.30,5.89
W-GAN-37-037,7.58,7.38
W-GAN-37-038,6.67,6.47
W-GAN-37-039,6.30,6.06
W-GAN-37-040,7.19,7.01
W-GAN-37-041,6.26,6.19
W-GAN-37-042,7.02,6.82
W-GAN-37-043,6.39,6.27
W-GAN-37-044,7.20,7.01
W-GAN-37-045,6.96,6.71
W-GAN-37-046,5.85,5.73
W-GAN-37-047,6.45,6.30
W-GAN-37-048,7.37,7.25
W-GAN-37-049,6.45,6.31
W-GAN-37-050,6.38,6.26
W-GAN-37-051,6.92,6.85
W-GAN-37-052,6.25,6.12
W-GAN-37-053,6.39,6.20
W-GAN-37-054,6.99,6.84
W-GAN-37-055,6.52,6.35
W-GAN-37-056,6.15,5.92
W-GAN-37-057,6.53,6.32
W-GAN-37-058,6.94,6.68
W-GAN-37-059,7.19,7.00
W-GAN-37-060,6.74,6.57
W-GAN-37-061,6.09,6.01
W-GAN-38-001,8.25,7.93
W-GAN-38-002,6.20,5.89
W-GAN-38-003,7.28,7.02
W-GAN-38-004,7.77,7.44
W-GAN-38-005,7.33,7.05
W-GAN-38-006,7.24,7.02
W-GAN-38-007,7.61,7.29
W-GAN-38-008,6.08,5.90
W-GAN-38-009,6.20,6.04
W-GAN-38-010,7.13,6.69
W-GAN-38-011,7.04,6.68
W-GAN-38-012,6.33,6.11
W-GAN-38-013,8.23,8.11
W-GAN-38-014,7.68,7.41
W-GAN-38-015,7.09,6.93
W-GAN-38-016,8.26,7.87
W-GAN-38-017,8.22,7.76
W-GAN-38-018,7.98,7.51
W-GAN-38-019,6.27,5.91
W-GAN-38-020,6.33,6.01
W-GAN-38-021,5.95,5.71
W-GAN-38-022,6.08,5.88
W-GAN-38-023,7.37,7.04
W-GAN-38-024,6.70,6.40
W-GAN-38-025,6.94,6.69
W-GAN-38-026,7.31,7.10
W-GAN-38-027,6.34,6.08
W-GAN-38-028,5.98,5.74
W-GAN-38-029,7.60,7.20
W-GAN-38-030,6.61,6.40
W-GAN-38-031,6.68,6.39
W-GAN-38-032,6.34,6.14
W-GAN-38-033,6.58,6.22
W-GAN-38-034,7.09,6.79
W-GAN-38-035,7.51,7.23
W-GAN-38-036,5.73,5.58
W-GAN-38-037,6.75,6.44
W-GAN-38-038,6.34,6.21
W-GAN-38-039,6.53,6.40
W-GAN-38-040,6.95,6.59
W-GAN-38-041,6.88,6.58
W-GAN-38-042,6.40,6.19
W-GAN-38-043,6.70,6.25
W-GAN-38-044,6.30,6.03
W-GAN-38-045,6.92,6.67
W-GAN-38-046,6.26,5.99
W-GAN-38-047,6.95,6.68
W-GAN-39-001,5.11,4.98
W-GAN-39-002,5.37,5.25
W-GAN-39-003,5.19,5.14
W-GAN-39-004,5.79,5.36
W-GAN-39-005,5.35,5.24
W-GAN-39-006,5.60,5.50
W-GAN-39-007,5.45,5.36
W-GAN-39-008,5.43,5.37
W-GAN-39-009,5.17,5.13
W-GAN-39-010,5.24,5.09
W-GAN-39-011,5.60,5.44
W-GAN-39-012,5.08,4.97
W-GAN-39-013,5.68,5.52
W-GAN-39-014,5.66,5.52
W-GAN-39-015,5.30,5.17
W-GAN-39-016,5.70,5.55
W-GAN-39-017,5.89,5.69
W-GAN-39-018,5.72,5.63
W-GAN-39-019,5.52,5.36
W-GAN-39-020,5.38,5.24
W-GAN-39-021,5.40,5.25
W-GAN-39-022,5.92,5.58
W-GAN-39-023,5.53,5.43
W-GAN-39-024,5.36,5.23
W-GAN-39-025,5.37,5.20
W-GAN-39-026,5.56,5.52
W-GAN-39-027,5.52,5.39
W-GAN-39-028,5.44,5.29
W-GAN-39-029,5.69,5.55
W-GAN-39-030,5.57,5.48
W-GAN-39-031,5.83,5.59
W-GAN-39-032,5.51,5.42
W-GAN-39-033,5.31,5.22
W-GAN-39-034,5.62,5.44
W-GAN-39-035,5.61,5.45
W-GAN-39-036,5.40,5.14
W-GAN-39-037,5.69,5.57
W-GAN-39-038,5.50,5.33
W-GAN-39-039,5.36,5.21
W-GAN-39-040,5.87,5.55
W-GAN-39-041,5.41,5.24
W-GAN-39-042,5.48,5.38
W-GAN-39-043,5.32,5.12
W-GAN-39-044,5.68,5.41
W-GAN-39-045,5.56,5.41
W-GAN-39-046,5.30,5.18
W-GAN-39-047,6.09,5.67
W-GAN-39-048,6.12,5.73
W-GAN-39-049,5.38,5.30
W-GAN-39-050,6.14,5.59
W-GAN-39-051,5.48,5.34
W-GAN-39-052,5.23,5.10
W-GAN-39-053,5.35,5.18
W-GAN-39-054,5.64,5.34
W-GAN-39-055,6.17,5.83
W-GAN-39-056,5.75,5.59
W-GAN-39-057,5.51,5.40
W-GAN-39-058,5.41,5.35
W-GAN-39-059,5.32,5.25
W-GAN-39-060,5.54,5.38
W-GAN-39-061,5.35,5.20
W-GAN-39-062,5.58,5.45
W-GAN-40-001,6.58,6.27
W-GAN-40-002,6.28,5.97
W-GAN-40-003,6.29,5.89
W-GAN-40-004,5.44,5.19
W-GAN-40-005,6.26,6.04
W-GAN-40-006,5.91,5.43
W-GAN-40-007,5.28,5.04
W-GAN-40-008,6.33,6.03
W-GAN-40-009,5.44,5.29
W-GAN-40-010,5.47,5.26
W-GAN-40-011,5.71,5.50
W-GAN-40-012,6.09,5.51
W-GAN-40-013,5.34,5.03
W-GAN-40-014,6.18,5.93
W-GAN-40-015,5.97,5.72
W-GAN-40-016,6.59,6.35
W-GAN-40-017,6.45,6.26
W-GAN-40-018,6.02,5.65
W-GAN-40-019,6.14,5.92
W-GAN-40-020,5.96,5.61
W-GAN-40-021,6.28,6.04
W-GAN-40-022,6.75,6.44
W-GAN-40-023,5.44,5.14
W-GAN-40-024,5.51,5.12
W-GAN-40-025,5.68,5.21
W-GAN-40-026,6.34,6.20
W-GAN-40-027,6.31,6.04
W-GAN-40-028,6.11,5.73
W-GAN-40-029,6.04,5.51
W-GAN-40-030,6.25,6.10
W-GAN-40-031,5.70,5.39
W-GAN-40-032,6.66,6.34
W-GAN-40-033,6.25,5.73
W-GAN-40-034,6.14,5.88
W-GAN-40-035,5.49,5.26
W-GAN-40-036,6.43,6.05
W-GAN-40-037,6.35,6.00
W-GAN-40-038,5.27,5.19
W-GAN-40-039,6.33,5.98
W-GAN-40-040,6.10,5.41
W-GAN-40-041,6.37,6.09
W-GAN-40-042,6.34,5.86
W-GAN-40-043,6.34,6.05
W-GAN-40-044,6.33,6.05
W-GAN-40-045,6.34,6.22
W-GAN-41-001,5.36,5.16
W-GAN-41-002,5.87,5.57
W-GAN-41-003,6.44,5.98
W-GAN-41-004,5.61,5.37
W-GAN-41-005,5.41,5.24
W-GAN-41-006,5.30,5.03
W-GAN-41-007,5.42,5.17
W-GAN-41-008,5.59,5.31
W-GAN-41-010,5.51,5.34
W-GAN-41-011,5.87,5.58
W-GAN-41-012,5.33,5.04
W-GAN-41-013,6.27,5.78
W-LUM-46-001,4.54,4.49
W-LUM-46-002,5.09,4.96
W-LUM-46-003,4.91,4.77
W-LUM-46-004,4.91,4.77
W-LUM-46-005,5.04,4.98
W-LUM-46-006,4.90,4.78
W-LUM-46-007,4.89,4.72
W-LUM-46-008,4.62,4.55
W-LUM-46-009,4.81,4.71
W-LUM-46-010,4.99,4.94
W-LUM-46-011,4.90,4.77
W-LUM-46-012,4.57,4.51
W-LUM-46-013,5.26,4.93
W-LUM-46-014,5.00,4.79
W-LUM-46-015,5.05,4.95
W-LUM-46-016,5.01,4.88
W-LUM-46-017,5.08,4.94
W-LUM-46-018,5.07,4.82
W-LUM-46-019,4.85,4.80
W-LUM-46-020,4.64,4.60
W-LUM-46-021,5.11,4.93
W-LUM-46-022,5.01,4.84
W-LUM-46-023,4.67,4.60
W-LUM-46-024,4.98,4.86
W-LUM-46-025,4.89,4.68
W-LUM-46-026,4.96,4.76
W-LUM-46-027,4.73,4.67
W-LUM-46-028,4.94,4.74
W-LUM-46-029,4.92,4.74
W-LUM-46-030,5.02,4.90
W-LUM-46-031,4.82,4.75
W-LUM-46-032,4.88,4.71
W-LUM-46-033,4.89,4.78
W-LUM-46-034,5.04,4.92
W-LUM-46-035,4.92,4.80
W-LUM-46-036,5.00,4.87
W-LUM-46-037,5.36,4.99
W-LUM-46-038,4.77,4.67
W-LUM-46-039,5.16,4.92
W-LUM-46-040,5.16,4.94
W-LUM-46-041,5.00,4.86
W-LUM-46-042,5.05,4.99
W-LUM-46-043,4.83,4.80
W-LUM-46-044,5.02,4.83
W-LUM-46-045,4.65,4.55
W-LUM-46-046,5.07,4.89
W-LUM-46-047,5.04,4.84
W-LUM-46-048,5.02,4.83
W-LUM-46-049,5.00,4.94
W-LUM-46-050,5.10,4.87
W-LUM-46-051,4.95,4.86
W-LUM-46-052,5.06,4.89
W-LUM-46-053,5.14,4.99
W-LUM-46-054,5.24,4.99
W-LUM-46-055,4.76,4.71
W-LUM-46-056,5.04,4.92
W-LUM-46-057,4.61,4.55
W-LUM-46-058,4.80,4.65
W-LUM-46-059,4.84,4.72
W-LUM-46-060,4.69,4.59
W-LUM-46-061,4.81,4.67
W-LUM-46-062,4.94,4.81
W-LUM-46-063,4.83,4.74
W-LUM-46-064,4.87,4.79
W-LUM-46-065,4.91,4.74
W-LUM-46-066,4.91,4.66
W-LUM-46-067,5.14,4.97
W-LUM-46-068,5.04,4.95
W-LUM-46-069,5.07,4.90
W-LUM-46-070,5.00,4.92
W-LUM-46-071,5.08,4.89
W-LUM-46-072,4.89,4.80
W-LUM-46-073,4.83,4.64
W-LUM-46-074,4.86,4.75
W-LUM-46-075,5.20,4.94
W-LUM-46-076,5.10,4.95
W-LUM-46-077,5.01,4.82
W-LUM-46-078,4.95,4.84
W-LUM-46-079,4.88,4.73
W-LUM-47-001,5.80,5.50
W-LUM-47-002,5.01,4.92
W-LUM-47-003,5.60,5.36
W-LUM-47-004,4.99,4.84
W-LUM-47-005,5.20,5.10
W-LUM-47-006,5.30,5.11
W-LUM-47-007,5.17,5.09
W-LUM-47-008,5.06,4.88
W-LUM-47-009,5.48,5.37
W-LUM-47-010,5.20,5.04
W-LUM-47-011,5.15,5.01
W-LUM-47-012,5.27,5.18
W-LUM-47-013,5.03,4.90
W-LUM-47-014,5.44,5.26
W-LUM-47-015,5.49,5.17
W-LUM-47-016,5.98,5.62
W-LUM-47-017,5.22,5.16
W-LUM-47-018,5.13,4.96
W-LUM-47-019,5.45,5.33
W-LUM-47-020,5.17,4.96
W-LUM-47-021,5.08,4.90
W-LUM-47-022,5.38,5.18
W-LUM-47-023,5.95,5.74
W-LUM-47-024,5.64,5.55
W-LUM-47-025,5.48,5.35
W-LUM-47-026,5.44,5.18
W-LUM-47-027,5.40,5.33
W-LUM-47-028,5.32,5.25
W-LUM-47-029,5.35,5.19
W-LUM-47-030,5.40,5.31
W-LUM-47-031,5.41,5.27
W-LUM-47-032,5.78,5.63
W-LUM-47-033,5.03,4.82
W-LUM-47-034,5.60,5.39
W-LUM-47-035,5.19,4.90
W-LUM-47-036,5.26,5.11
W-LUM-47-037,5.77,5.46
W-LUM-47-038,5.28,5.14
W-LUM-47-039,5.28,5.09
W-LUM-47-040,5.14,5.05
W-LUM-47-041,4.96,4.91
W-LUM-47-042,5.25,5.07
W-LUM-47-043,5.01,4.92
W-LUM-47-044,5.24,5.13
W-LUM-47-045,5.08,4.97
W-LUM-47-046,5.82,5.58
W-LUM-47-047,5.09,4.98
W-LUM-47-048,5.32,5.18
W-LUM-47-049,5.07,4.92
W-LUM-47-050,5.40,5.22
W-LUM-47-051,5.52,5.35
W-LUM-47-052,5.40,5.28
W-LUM-47-053,6.12,5.71
W-LUM-47-054,5.56,5.43
W-LUM-47-055,5.29,5.16
W-LUM-47-056,5.80,5.64
W-LUM-47-057,4.89,4.78
W-LUM-47-058,4.93,4.83
W-LUM-47-059,5.80,5.49
W-LUM-47-060,5.12,4.96
W-LUM-47-061,5.38,5.33
W-LUM-47-062,5.36,5.14
W-LUM-47-063,5.18,5.04
W-LUM-47-064,5.02,4.93
W-LUM-47-065,5.93,5.74
W-LUM-47-066,5.25,5.14
W-LUM-48-001,6.87,6.63
W-LUM-48-002,7.38,7.04
W-LUM-48-003,6.24,6.19
W-LUM-48-004,6.35,6.31
W-LUM-48-005,6.45,6.34
W-LUM-48-006,6.22,6.20
W-LUM-48-007,6.07,5.69
W-LUM-48-008,6.50,6.27
W-LUM-48-009,6.36,6.32
W-LUM-48-010,6.69,6.47
W-LUM-48-011,6.75,6.54
W-LUM-48-012,6.34,5.89
W-LUM-48-013,6.36,6.32
W-LUM-48-014,6.82,6.10
W-LUM-48-015,6.52,6.31
W-LUM-48-016,6.26,6.13
W-LUM-48-017,6.84,6.09
W-LUM-48-018,6.21,5.37
W-LUM-48-019,7.13,6.56
W-LUM-48-020,6.03,5.57
W-LUM-48-021,7.90,7.44
W-LUM-48-022,6.25,6.22
W-LUM-48-023,6.46,6.39
W-LUM-48-024,6.46,6.41
W-LUM-48-025,6.25,6.21
W-LUM-48-026,6.30,6.25
W-LUM-48-027,5.90,5.76
W-LUM-48-028,6.37,6.34
W-LUM-48-029,6.39,6.31
W-LUM-48-030,6.28,6.08
W-LUM-48-031,6.99,6.73
W-LUM-48-032,6.84,6.53
W-LUM-48-033,7.05,6.72
W-LUM-48-034,6.47,6.42
W-LUM-48-035,6.86,6.56
W-LUM-48-036,6.31,6.24
W-LUM-48-037,6.19,5.77
W-LUM-48-038,6.37,5.94
W-LUM-48-039,6.36,6.31
W-LUM-48-040,6.21,6.12
W-LUM-48-041,7.54,7.14
W-LUM-48-042,6.11,5.94
W-LUM-48-043,6.74,6.47
W-LUM-48-044,6.45,6.42
W-LUM-48-045,6.26,5.91
W-LUM-48-046,6.42,6.36
W-LUM-48-047,6.26,6.22
W-LUM-48-048,6.37,6.32
W-LUM-48-049,6.54,6.12
W-LUM-48-050,7.08,6.80
W-LUM-48-051,7.08,6.71
W-LUM-48-052,6.45,6.42
W-LUM-48-053,7.32,6.70
W-LUM-48-054,5.82,5.59
W-LUM-48-055,6.21,6.02
W-LUM-48-056,6.32,6.27
W-LUM-48-057,6.29,6.15
W-LUM-48-058,6.30,6.26
W-LUM-48-059,6.36,6.30
W-LUM-48-060,7.16,6.85
W-LUM-48-061,6.04,5.81
W-LUM-48-062,6.46,6.11
W-LUM-48-063,6.26,6.22
W-LUM-48-064,6.37,6.34
W-LUM-48-065,6.69,6.47
W-LUM-48-066,6.43,6.36
W-LUM-48-067,6.23,6.21
W-LUM-48-068,6.20,5.75
W-LUM-48-069,6.26,6.21
W-LUM-48-070,6.69,6.22
W-LUM-48-071,6.42,6.35
W-LUM-48-072,6.33,6.21
W-LUM-48-073,6.44,6.10
W-LUM-48-074,6.50,6.26
W-LUM-48-075,7.56,6.25
W-LUM-49-001,5.97,5.92
W-LUM-49-002,6.02,5.97
W-LUM-49-003,6.01,5.98
W-LUM-49-004,5.97,5.94
W-LUM-49-005,6.12,6.08
W-LUM-49-006,5.99,5.96
W-LUM-49-007,6.00,5.96
W-LUM-49-008,6.14,6.09
W-LUM-49-009,5.98,5.95
W-LUM-49-010,5.96,5.92
W-LUM-49-011,5.95,5.82
W-LUM-49-012,6.21,6.18
W-LUM-49-013,5.97,5.95
W-LUM-49-014,5.89,5.33
W-LUM-49-015,6.20,6.17
W-LUM-49-016,6.18,6.15
W-LUM-49-017,6.08,6.03
W-LUM-49-018,6.00,5.98
W-LUM-49-019,6.11,5.45
W-LUM-49-020,6.18,6.14
W-LUM-49-021,5.99,5.96
W-LUM-49-022,5.92,5.28
W-LUM-49-023,5.95,5.91
W-LUM-49-024,5.94,5.93
W-LUM-49-025,5.93,5.77
W-LUM-49-026,6.17,6.11
W-LUM-49-027,6.03,5.99
W-LUM-49-028,6.02,6.00
W-LUM-49-029,6.08,6.03
W-LUM-49-030,6.16,6.12
W-LUM-49-031,5.92,5.87
W-LUM-49-032,6.02,5.99
W-LUM-49-033,6.09,6.00
W-LUM-49-034,5.92,5.88
W-LUM-49-035,6.17,6.12
W-LUM-49-036,5.97,5.94
W-LUM-49-037,5.96,5.94
W-LUM-49-038,5.93,5.88
W-LUM-49-039,6.10,6.06
W-LUM-49-040,5.97,5.93
W-LUM-49-041,6.03,6.01
W-LUM-49-042,5.97,5.95
W-LUM-49-043,6.17,6.07
W-LUM-49-044,6.00,5.98
W-LUM-49-045,5.99,5.96
W-LUM-49-046,6.00,5.98
W-LUM-49-047,5.94,5.89
W-LUM-49-048,5.97,5.90
W-LUM-49-049,6.11,6.08
W-LUM-49-050,6.16,6.11
W-LUM-49-051,5.98,5.96
W-LUM-49-052,5.98,5.48
W-LUM-49-053,6.16,6.13
W-LUM-49-054,6.19,6.11
W-LUM-49-055,5.98,5.93
W-LUM-49-056,5.97,5.94
W-LUM-49-057,5.86,5.68
W-LUM-49-058,5.87,5.84
W-LUM-49-059,5.64,5.29
W-LUM-49-060,5.99,5.93
W-LUM-49-061,5.99,5.92
W-LUM-49-062,5.97,5.90
W-LUM-49-063,6.11,6.04
W-LUM-49-064,6.19,6.16
W-LUM-49-065,5.98,5.95
W-LUM-49-066,5.97,5.94
W-LUM-49-067,5.99,5.96
W-LUM-49-068,6.00,5.86
W-LUM-49-069,5.93,5.88
W-LUM-49-070,5.93,5.91
W-LUM-49-071,6.05,6.00
W-LUM-49-072,5.92,5.90
W-LUM-50-001,5.81,5.80
W-LUM-50-002,5.61,5.58
W-LUM-50-003,5.56,5.52
W-LUM-50-004,5.72,5.67
W-LUM-50-005,5.79,5.75
W-LUM-50-006,5.78,5.52
W-LUM-50-007,5.65,5.61
W-LUM-50-008,5.67,5.15
W-LUM-50-009,5.74,5.72
W-LUM-50-010,5.85,5.81
W-LUM-50-011,5.72,5.69
W-LUM-50-012,5.52,5.48
W-LUM-50-013,5.61,5.53
W-LUM-50-014,5.88,5.80
W-LUM-50-015,5.57,5.51
W-LUM-50-016,5.55,5.49
W-LUM-50-017,5.87,5.84
W-LUM-50-018,5.71,5.65
W-LUM-50-019,5.58,5.53
W-LUM-50-020,5.77,5.69
W-LUM-50-021,5.81,5.77
W-LUM-50-022,5.77,5.74
W-LUM-50-023,5.65,5.02
W-LUM-50-024,5.81,5.79
W-LUM-50-025,5.83,5.80
W-LUM-50-026,5.75,5.68
W-LUM-50-027,5.54,5.46
W-LUM-50-028,5.77,5.76
W-LUM-50-029,5.73,5.69
W-LUM-50-030,5.43,4.97
W-LUM-50-031,5.79,5.76
W-LUM-50-032,5.73,5.68
W-LUM-50-033,5.68,5.61
W-LUM-50-034,5.82,5.78
W-LUM-50-035,5.87,5.83
W-LUM-50-036,5.82,5.79
W-LUM-50-037,5.58,5.53
W-LUM-50-038,5.73,5.63
W-LUM-50-039,5.70,5.67
W-LUM-50-040,5.78,5.73
W-LUM-50-041,5.53,5.40
W-LUM-50-042,5.79,5.71
W-LUM-50-043,5.52,5.52
W-LUM-50-044,5.65,5.61
W-LUM-50-045,5.90,5.86
W-LUM-50-046,5.61,5.58
W-LUM-50-047,5.71,5.66
W-LUM-50-048,5.66,5.43
W-LUM-50-049,5.71,5.67
W-LUM-50-050,5.60,5.29
W-LUM-50-051,5.65,5.61
W-LUM-50-052,5.61,5.58
W-LUM-50-053,5.67,5.39
W-LUM-50-054,5.88,5.82
W-LUM-50-055,5.80,5.72
W-LUM-50-056,5.84,5.82
W-LUM-50-057,5.72,5.69
W-LUM-50-058,5.85,5.83
W-LUM-50-059,5.84,5.72
W-LUM-50-060,5.55,5.47
W-LUM-50-061,5.52,5.50
W-LUM-50-062,5.56,5.53
W-LUM-50-063,5.71,5.67
W-LUM-50-064,5.81,5.76
W-LUM-50-065,5.79,5.73
W-LUM-50-066,5.72,5.71
W-LUM-50-067,5.54,5.52
W-LUM-50-068,5.35,4.74
W-LUM-50-069,5.54,5.04
W-LUM-50-070,5.70,5.68
W-LUM-50-071,5.53,5.50
W-LUM-50-072,5.68,5.63
W-LUM-50-073,5.74,5.70
W-LUM-50-074,5.62,5.57
W-LUM-50-075,5.80,5.75
W-LUM-50-076,5.79,5.74
W-LUM-50-077,5.60,5.53
W-LUM-50-078,5.54,5.52
W-LUM-51-001,4.82,4.70
W-LUM-51-002,5.01,4.66
W-LUM-51-003,4.88,4.74
W-LUM-51-004,4.76,4.55
W-LUM-51-005,5.06,4.94
W-LUM-51-006,4.77,4.61
W-LUM-51-007,4.92,4.85
W-LUM-51-008,4.91,4.78
W-LUM-51-009,4.92,4.83
W-LUM-51-010,5.03,4.96
W-LUM-51-011,4.83,4.60
W-LUM-51-012,4.68,4.56
W-LUM-51-013,4.89,4.69
W-LUM-51-014,4.82,4.69
W-LUM-51-015,4.77,4.62
W-LUM-51-016,4.97,4.78
W-LUM-51-017,4.69,4.52
W-LUM-51-018,4.85,4.62
W-LUM-51-019,4.73,4.61
W-LUM-51-020,4.98,4.60
W-LUM-51-021,4.93,4.80
W-LUM-51-022,4.95,4.89
W-LUM-51-023,4.74,4.66
W-LUM-51-024,4.76,4.62
W-LUM-51-025,4.81,4.67
W-LUM-51-026,4.94,4.81
W-LUM-51-027,4.76,4.61
W-LUM-51-028,4.95,4.72
W-LUM-51-029,5.02,4.82
W-LUM-51-030,4.74,4.65
W-LUM-51-031,4.88,4.65
W-LUM-51-032,5.05,4.85
W-LUM-51-033,4.80,4.71
W-LUM-51-034,4.84,4.76
W-LUM-51-035,4.84,4.75
W-LUM-51-036,5.04,4.85
W-LUM-51-037,4.88,4.63
W-LUM-51-038,5.04,4.72
W-LUM-51-039,5.01,4.67
W-LUM-51-040,4.76,4.66
W-LUM-51-041,4.96,4.65
W-LUM-51-042,4.91,4.83